CustomerID,Gender,SeniorCitizen,Partner,Dependents,Tenure,MonthlyCharges,Contract,Churn
CUST00093,Female,0,No,Yes,11,64.38,One year,Yes
CUST00038,Male,0,Yes,No,36,81.56,Month-to-month,Yes
CUST01989,Male,1,No,Yes,44,90.56,Month-to-month,No
CUST00952,Male,0,No,No,68,119.52,Month-to-month,Yes
CUST01426,Male,0,Yes,No,62,45.29,One year,No
CUST01669,Female,0,No,Yes,25,81.22,Month-to-month,No
CUST01940,Male,0,Yes,No,47,83.08,Month-to-month,No
CUST01923,Male,0,No,No,36,65.11,Month-to-month,No
CUST01076,Female,0,Yes,No,61,57.3,Two year,No
CUST01808,Female,0,Yes,No,12,56.83,Month-to-month,No
CUST01394,Male,1,No,No,54,29.12,Month-to-month,No
CUST00861,Male,0,No,No,40,48.55,Month-to-month,Yes
CUST00318,Male,0,No,Yes,1,71.15,One year,Yes
CUST00150,Male,0,No,No,71,75.43,Month-to-month,Yes
CUST00784,Female,0,No,Yes,66,93.72,Month-to-month,Yes
CUST01913,Female,1,Yes,Yes,67,42.48,Two year,No
CUST00432,Male,0,No,No,12,36.91,Month-to-month,Yes
CUST01577,Female,0,Yes,Yes,14,35.89,Month-to-month,No
CUST00174,Female,0,Yes,No,56,113.19,Month-to-month,Yes
CUST00339,Female,0,No,Yes,57,116.0,Month-to-month,Yes
CUST00969,Male,0,Yes,No,17,71.4,Month-to-month,Yes
CUST00915,Female,0,Yes,Yes,38,20.93,Month-to-month,Yes
CUST01013,Male,0,Yes,No,14,92.97,Month-to-month,No
CUST01762,Male,0,No,Yes,22,109.57,One year,No
CUST01356,Female,1,Yes,No,66,67.05,Two year,No
CUST00444,Female,1,No,Yes,68,48.92,Month-to-month,Yes
CUST01128,Female,1,Yes,Yes,10,45.13,One year,No
CUST00218,Female,0,No,Yes,5,45.68,One year,Yes
CUST01425,Female,1,Yes,Yes,9,89.9,One year,No
CUST01154,Female,0,Yes,Yes,39,83.43,Month-to-month,No
CUST01970,Male,0,No,Yes,66,54.09,Two year,No
CUST01580,Female,0,No,No,14,35.31,Month-to-month,No
CUST01374,Male,0,No,Yes,26,43.42,One year,No
CUST00012,Male,1,Yes,No,26,78.42,Two year,Yes
CUST00015,Male,1,Yes,Yes,23,77.35,Two year,Yes
CUST01433,Female,0,No,No,19,107.34,Month-to-month,No
CUST00151,Male,0,Yes,Yes,9,52.87,Two year,Yes
CUST00364,Male,0,No,No,32,101.42,One year,Yes
CUST00778,Female,0,No,No,50,24.39,Two year,Yes
CUST01098,Female,0,Yes,Yes,52,81.41,Two year,No
CUST01592,Female,0,No,No,16,28.22,Month-to-month,No
CUST00617,Female,0,No,Yes,60,43.75,Month-to-month,Yes
CUST00297,Male,0,Yes,No,65,85.74,Month-to-month,Yes
CUST01030,Male,0,No,No,45,68.14,Month-to-month,No
CUST00163,Female,0,No,No,32,101.8,Two year,Yes
CUST01837,Female,0,Yes,No,47,108.2,One year,No
CUST01570,Female,0,No,No,62,94.55,Month-to-month,No
CUST01897,Male,0,Yes,Yes,20,70.9,Two year,No
CUST01997,Male,0,Yes,No,70,115.46,Month-to-month,No
CUST01823,Female,0,Yes,No,19,119.26,One year,No
CUST01698,Male,0,Yes,No,49,63.23,Month-to-month,No
CUST00424,Female,1,No,No,31,50.77,Two year,Yes
CUST01158,Female,0,No,Yes,4,110.98,Month-to-month,No
CUST01007,Male,0,Yes,Yes,51,36.26,One year,No
CUST00466,Female,1,No,No,67,74.88,Month-to-month,Yes
CUST00538,Male,0,No,No,63,39.4,Month-to-month,Yes
CUST01588,Male,0,No,Yes,15,48.87,Two year,No
CUST00804,Female,0,Yes,No,51,58.55,Month-to-month,Yes
CUST01818,Female,0,No,No,16,114.51,Two year,No
CUST01921,Male,0,No,Yes,54,107.72,Month-to-month,No
CUST00118,Female,0,Yes,No,10,112.93,Month-to-month,Yes
CUST00907,Male,0,Yes,No,11,66.97,Month-to-month,Yes
CUST00141,Male,0,No,Yes,62,79.19,Month-to-month,Yes
CUST01188,Male,0,No,Yes,22,53.27,Two year,No
CUST01138,Female,0,No,No,62,75.0,Month-to-month,No
CUST01922,Female,0,No,Yes,67,106.77,One year,No
CUST01104,Female,0,Yes,Yes,2,109.35,Month-to-month,No
CUST00567,Female,0,No,No,31,43.54,One year,Yes
CUST01776,Female,0,Yes,No,27,40.84,Month-to-month,No
CUST00438,Male,0,No,Yes,3,83.33,Month-to-month,Yes
CUST01287,Female,0,No,No,8,90.44,Month-to-month,No
CUST00934,Female,0,Yes,No,7,77.55,Month-to-month,Yes
CUST00881,Female,1,No,No,24,20.26,Two year,Yes
CUST00372,Female,1,Yes,No,31,115.99,Month-to-month,Yes
CUST01786,Female,1,No,No,60,95.19,Month-to-month,No
CUST01575,Male,0,Yes,No,44,37.18,One year,No
CUST00850,Male,0,Yes,Yes,46,78.0,Month-to-month,Yes
CUST01435,Female,0,Yes,No,67,88.15,Two year,No
CUST00336,Male,0,No,No,50,83.79,Month-to-month,Yes
CUST00660,Female,0,No,Yes,33,82.38,Month-to-month,Yes
CUST01436,Female,0,Yes,No,42,88.01,Month-to-month,No
CUST01272,Male,0,Yes,Yes,54,92.08,Two year,No
CUST00709,Female,0,No,No,49,61.84,Month-to-month,Yes
CUST01487,Male,1,Yes,No,16,115.34,Month-to-month,No
CUST00113,Female,0,Yes,No,20,58.93,Month-to-month,Yes
CUST00830,Male,1,Yes,No,57,76.27,One year,Yes
CUST00895,Female,0,No,Yes,31,97.01,Month-to-month,Yes
CUST01392,Female,0,No,No,48,51.51,One year,No
CUST00071,Female,0,No,No,47,52.21,Month-to-month,Yes
CUST01904,Male,0,No,Yes,35,83.4,Month-to-month,No
CUST01091,Male,1,Yes,No,25,32.25,Two year,No
CUST01624,Female,0,No,No,61,119.38,Month-to-month,No
CUST01398,Female,0,Yes,No,56,46.04,Month-to-month,No
CUST01406,Female,0,No,No,19,53.06,Two year,No
CUST01867,Male,0,Yes,Yes,2,115.51,Month-to-month,No
CUST00716,Male,0,Yes,Yes,65,54.59,Month-to-month,Yes
CUST00506,Female,0,No,No,57,96.58,Month-to-month,Yes
CUST00728,Male,0,Yes,Yes,16,83.75,One year,Yes
CUST00197,Female,1,No,Yes,70,68.5,Two year,Yes
CUST01710,Male,0,Yes,Yes,53,62.78,Month-to-month,No
CUST01262,Male,1,Yes,Yes,34,61.67,Month-to-month,No
CUST01045,Male,0,Yes,No,43,48.61,Two year,No
CUST00964,Male,0,Yes,No,4,22.0,One year,Yes
CUST01454,Male,0,No,No,62,63.04,Month-to-month,No
CUST00209,Male,1,No,Yes,15,65.43,One year,Yes
CUST00571,Male,0,No,Yes,3,20.93,One year,Yes
CUST00298,Male,0,Yes,No,33,109.51,One year,Yes
CUST00036,Female,0,Yes,No,33,101.71,Month-to-month,Yes
CUST01509,Female,1,No,No,12,36.64,Month-to-month,No
CUST00681,Male,1,Yes,No,12,28.85,Two year,Yes
CUST00859,Male,0,No,No,60,75.39,Two year,Yes
CUST01448,Female,0,Yes,Yes,9,28.86,One year,No
CUST00556,Female,0,Yes,Yes,1,50.07,One year,Yes
CUST01123,Male,0,No,No,70,71.14,Month-to-month,No
CUST00914,Female,0,No,No,4,83.78,Month-to-month,Yes
CUST01746,Female,0,Yes,No,59,104.54,Two year,No
CUST00831,Male,0,No,No,71,114.49,Two year,Yes
CUST01015,Female,0,Yes,No,6,105.9,Month-to-month,No
CUST01863,Female,0,Yes,Yes,44,99.87,One year,No
CUST00775,Male,0,No,No,66,21.92,Month-to-month,Yes
CUST01119,Female,1,No,No,46,48.94,Two year,No
CUST00757,Male,0,Yes,No,41,34.45,Two year,Yes
CUST00724,Male,0,Yes,Yes,6,115.44,Two year,Yes
CUST01995,Male,1,No,No,39,69.4,Month-to-month,No
CUST00053,Female,0,Yes,Yes,49,57.36,Month-to-month,Yes
CUST01389,Male,0,Yes,No,63,110.64,One year,No
CUST01265,Male,0,Yes,No,43,42.13,Month-to-month,No
CUST00582,Female,0,Yes,No,47,73.48,Month-to-month,Yes
CUST00800,Male,1,Yes,Yes,14,53.03,Month-to-month,Yes
CUST00625,Female,0,Yes,No,62,64.85,Month-to-month,Yes
CUST01227,Female,0,No,No,45,110.38,One year,No
CUST00418,Female,0,Yes,No,50,90.39,Month-to-month,Yes
CUST00221,Male,0,Yes,No,52,59.72,Month-to-month,Yes
CUST00451,Female,0,No,Yes,43,49.03,Month-to-month,Yes
CUST01967,Female,0,No,No,32,101.93,One year,No
CUST01209,Male,1,Yes,Yes,42,85.92,Two year,No
CUST01202,Female,0,Yes,No,57,109.28,Month-to-month,No
CUST00073,Female,0,Yes,Yes,14,27.51,Month-to-month,Yes
CUST00777,Female,0,No,Yes,51,37.09,Two year,Yes
CUST01468,Female,0,No,No,31,87.72,Month-to-month,No
CUST01486,Male,0,Yes,No,24,48.13,One year,No
CUST00547,Female,0,No,Yes,69,25.01,One year,Yes
CUST01947,Female,0,No,Yes,16,63.37,Month-to-month,No
CUST00789,Male,0,No,Yes,55,118.27,Month-to-month,Yes
CUST00703,Female,0,No,Yes,54,118.89,Month-to-month,Yes
CUST00828,Male,0,No,No,43,42.49,Month-to-month,Yes
CUST00266,Female,0,No,Yes,50,27.1,One year,Yes
CUST00227,Female,0,Yes,No,41,24.08,One year,Yes
CUST01933,Male,0,Yes,Yes,22,53.91,Month-to-month,No
CUST01290,Male,0,No,Yes,47,37.17,Month-to-month,No
CUST01566,Male,0,Yes,No,40,74.17,Two year,No
CUST01660,Male,0,No,No,37,104.88,Month-to-month,No
CUST00726,Male,0,Yes,Yes,66,114.63,One year,Yes
CUST01876,Male,0,No,Yes,60,64.31,Month-to-month,No
CUST01458,Female,0,Yes,Yes,42,102.89,Month-to-month,No
CUST00144,Female,0,Yes,No,30,26.68,Month-to-month,Yes
CUST01395,Female,0,No,Yes,71,87.89,Month-to-month,No
CUST00864,Female,1,Yes,No,23,103.56,One year,Yes
CUST01299,Female,0,No,No,61,27.3,Month-to-month,No
CUST00156,Male,0,No,Yes,21,84.87,Month-to-month,Yes
CUST01117,Male,0,Yes,No,29,21.22,Month-to-month,No
CUST00898,Male,0,No,No,39,93.59,Month-to-month,Yes
CUST00023,Female,1,Yes,No,52,63.9,Two year,Yes
CUST00409,Female,1,Yes,No,67,93.45,Month-to-month,Yes
CUST01594,Female,0,Yes,No,45,75.93,Month-to-month,No
CUST00083,Female,1,No,Yes,63,75.37,Two year,Yes
CUST01679,Female,0,No,No,61,99.63,Month-to-month,No
CUST00147,Male,0,No,No,57,47.5,Month-to-month,Yes
CUST01206,Male,0,No,Yes,16,118.49,Month-to-month,No
CUST01014,Male,0,No,No,69,101.1,Month-to-month,No
CUST01515,Female,1,Yes,Yes,25,32.65,One year,No
CUST01308,Male,0,No,No,29,66.03,Month-to-month,No
CUST01385,Female,0,No,No,58,117.6,One year,No
CUST01495,Male,0,No,Yes,71,75.28,Month-to-month,No
CUST01636,Male,1,Yes,No,54,72.53,One year,No
CUST00182,Female,0,Yes,Yes,21,77.82,Two year,Yes
CUST01172,Male,0,Yes,Yes,63,114.67,Month-to-month,No
CUST01148,Male,0,No,No,1,26.04,One year,No
CUST00054,Male,1,No,No,14,41.43,Two year,Yes
CUST00104,Female,1,Yes,No,44,118.01,Two year,Yes
CUST01875,Female,0,No,No,40,38.44,Month-to-month,No
CUST01706,Male,0,No,No,27,95.88,One year,No
CUST01719,Male,0,No,Yes,41,110.54,Month-to-month,No
CUST01695,Female,0,No,No,12,73.42,Month-to-month,No
CUST00503,Female,0,Yes,No,46,53.77,Two year,Yes
CUST00616,Male,1,No,No,38,30.45,Month-to-month,Yes
CUST01911,Female,0,No,No,52,97.62,Month-to-month,No
CUST01994,Male,0,Yes,No,67,62.97,Month-to-month,No
CUST00378,Female,0,Yes,No,22,67.63,One year,Yes
CUST00284,Female,0,No,No,69,91.74,One year,Yes
CUST01563,Female,0,Yes,No,53,106.83,Two year,No
CUST00280,Female,0,No,No,31,49.13,Month-to-month,Yes
CUST00936,Female,0,Yes,No,36,34.69,Month-to-month,Yes
CUST00600,Male,0,Yes,Yes,56,97.72,Month-to-month,Yes
CUST01166,Male,0,Yes,No,16,52.51,Month-to-month,No
CUST00337,Male,0,No,No,3,96.92,Two year,Yes
CUST01939,Male,0,No,No,17,99.53,One year,No
CUST01345,Male,0,Yes,Yes,21,71.89,Month-to-month,No
CUST00609,Female,0,No,No,33,49.75,Two year,Yes
CUST00021,Male,0,Yes,No,51,113.31,Month-to-month,Yes
CUST01747,Male,0,Yes,Yes,45,49.68,Month-to-month,No
CUST00328,Female,0,Yes,No,17,69.61,Month-to-month,Yes
CUST00223,Female,1,Yes,No,48,115.31,Month-to-month,Yes
CUST01831,Male,0,No,Yes,15,63.21,One year,No
CUST00208,Female,0,Yes,No,51,103.33,One year,Yes
CUST01257,Male,0,No,No,4,85.58,Month-to-month,No
CUST00376,Female,0,No,No,17,64.29,Month-to-month,Yes
CUST00408,Female,0,Yes,No,57,65.41,One year,Yes
CUST00512,Male,1,No,No,51,117.6,Month-to-month,Yes
CUST00382,Female,1,Yes,Yes,46,88.7,Month-to-month,Yes
CUST01703,Male,0,No,No,15,109.21,One year,No
CUST00019,Male,0,No,No,28,21.9,Month-to-month,Yes
CUST00470,Male,0,Yes,No,18,110.22,Month-to-month,Yes
CUST01555,Male,1,No,No,58,98.86,Month-to-month,No
CUST00389,Male,0,No,No,22,22.35,Two year,Yes
CUST00281,Female,0,Yes,No,37,34.47,One year,Yes
CUST01635,Male,0,No,No,51,70.51,Month-to-month,No
CUST00614,Female,0,Yes,No,32,91.52,One year,Yes
CUST00942,Female,0,Yes,Yes,40,96.09,Month-to-month,Yes
CUST00581,Male,0,No,No,19,43.23,Month-to-month,Yes
CUST00545,Female,0,Yes,Yes,53,98.08,Two year,Yes
CUST00682,Male,0,No,No,41,80.9,Month-to-month,Yes
CUST00326,Male,0,No,Yes,2,69.72,One year,Yes
CUST00279,Female,0,No,No,56,33.54,One year,Yes
CUST00100,Male,0,Yes,No,52,79.43,Month-to-month,Yes
CUST00499,Female,1,No,No,67,38.23,Two year,Yes
CUST01951,Male,0,Yes,No,44,50.1,Month-to-month,No
CUST01673,Male,0,Yes,Yes,43,49.8,One year,No
CUST00529,Female,0,Yes,Yes,49,27.82,One year,Yes
CUST01644,Male,0,No,Yes,51,72.4,One year,No
CUST01700,Male,0,Yes,No,15,96.42,Month-to-month,No
CUST00200,Male,0,No,No,18,58.2,Month-to-month,Yes
CUST00935,Male,0,No,No,45,112.53,One year,Yes
CUST00675,Male,0,Yes,Yes,16,71.67,Month-to-month,Yes
CUST01410,Female,0,Yes,Yes,42,78.06,Two year,No
CUST01002,Male,1,No,No,45,73.66,Two year,No
CUST01815,Male,0,No,Yes,25,77.19,Month-to-month,No
CUST01589,Female,0,No,No,57,113.8,Month-to-month,No
CUST00299,Female,0,No,Yes,38,59.3,Month-to-month,Yes
CUST00776,Male,0,No,No,61,97.25,Two year,Yes
CUST00628,Male,0,No,No,59,38.89,Month-to-month,Yes
CUST01541,Male,0,No,No,1,101.85,Two year,No
CUST00311,Male,1,No,No,56,86.1,Month-to-month,Yes
CUST00160,Male,0,Yes,No,35,89.65,Month-to-month,Yes
CUST00606,Male,0,No,No,4,38.89,One year,Yes
CUST00737,Male,0,No,Yes,29,89.07,Two year,Yes
CUST00029,Female,0,No,Yes,9,68.18,Month-to-month,Yes
CUST01084,Female,0,Yes,Yes,2,23.04,Month-to-month,No
CUST01052,Male,0,No,No,5,57.22,Month-to-month,No
CUST00867,Female,0,No,Yes,21,59.34,One year,Yes
CUST00706,Female,0,No,No,41,113.34,Month-to-month,Yes
CUST00309,Female,0,No,No,49,97.66,Month-to-month,Yes
CUST00441,Female,0,No,Yes,57,49.64,One year,Yes
CUST00454,Male,0,No,No,44,27.98,One year,Yes
CUST00356,Female,1,No,Yes,51,60.79,Two year,Yes
CUST00866,Male,0,Yes,No,13,63.87,Month-to-month,Yes
CUST00210,Male,0,Yes,No,8,91.96,Two year,Yes
CUST00188,Male,0,No,No,17,25.23,Month-to-month,Yes
CUST01586,Male,0,Yes,No,56,98.52,Two year,No
CUST01376,Female,0,Yes,No,40,37.21,One year,No
CUST01751,Female,0,Yes,No,17,117.65,Month-to-month,No
CUST01643,Female,0,Yes,No,24,99.85,Month-to-month,No
CUST00025,Female,0,Yes,No,65,112.01,Month-to-month,Yes
CUST00677,Female,0,Yes,Yes,64,75.68,One year,Yes
CUST01597,Male,0,Yes,Yes,14,80.1,Month-to-month,No
CUST00349,Male,0,Yes,No,20,47.39,Two year,Yes
CUST01377,Male,0,No,No,17,50.54,Month-to-month,No
CUST01804,Male,0,No,No,48,72.47,One year,No
CUST00635,Female,0,No,Yes,27,88.37,Month-to-month,Yes
CUST01239,Male,0,Yes,No,9,34.81,Two year,No
CUST00528,Female,0,No,No,34,40.17,Month-to-month,Yes
CUST01401,Male,0,No,No,34,90.68,Month-to-month,No
CUST01060,Male,0,Yes,No,30,87.34,Month-to-month,No
CUST01185,Female,1,No,No,51,108.61,Two year,No
CUST00203,Male,0,No,No,61,119.7,Two year,Yes
CUST01766,Female,0,No,No,47,82.58,One year,No
CUST00685,Female,1,No,No,50,74.45,Month-to-month,Yes
CUST01031,Female,0,Yes,No,30,27.85,Month-to-month,No
CUST00340,Male,0,No,No,50,102.05,Month-to-month,Yes
CUST01114,Male,0,No,Yes,3,94.92,Month-to-month,No
CUST01502,Female,0,Yes,No,42,43.27,Month-to-month,No
CUST01491,Male,0,No,Yes,4,67.79,Month-to-month,No
CUST00938,Female,0,Yes,Yes,42,114.75,Month-to-month,Yes
CUST01122,Male,1,No,Yes,71,46.98,Month-to-month,No
CUST01417,Male,0,Yes,No,37,67.55,Two year,No
CUST00565,Female,0,No,Yes,45,114.91,Month-to-month,Yes
CUST01289,Male,0,No,No,25,29.42,Two year,No
CUST01704,Male,0,Yes,No,63,23.08,Month-to-month,No
CUST00380,Female,0,Yes,Yes,27,27.61,Two year,Yes
CUST01842,Female,1,Yes,Yes,7,44.53,One year,No
CUST00067,Male,0,No,No,14,118.05,Two year,Yes
CUST00428,Male,0,No,No,19,50.42,Two year,Yes
CUST01189,Female,0,No,Yes,6,70.32,Month-to-month,No
CUST01325,Male,1,No,Yes,29,108.87,Month-to-month,No
CUST01993,Male,0,No,Yes,32,40.17,Month-to-month,No
CUST01213,Female,1,Yes,No,66,76.27,Month-to-month,No
CUST00469,Female,0,Yes,No,23,114.87,Month-to-month,Yes
CUST01340,Male,0,Yes,Yes,65,32.56,One year,No
CUST01245,Female,0,No,No,10,113.63,Month-to-month,No
CUST00082,Male,0,Yes,No,14,82.87,Month-to-month,Yes
CUST01371,Male,0,Yes,No,36,91.74,Two year,No
CUST01070,Male,0,Yes,No,32,30.02,Month-to-month,No
CUST00385,Female,0,No,No,26,110.89,Month-to-month,Yes
CUST00338,Female,0,No,No,43,56.86,One year,Yes
CUST00837,Male,0,Yes,No,57,46.26,One year,Yes
CUST00744,Male,0,Yes,Yes,15,102.47,One year,Yes
CUST00793,Female,0,No,No,68,92.23,Two year,Yes
CUST01059,Female,0,No,No,53,25.49,One year,No
CUST00504,Male,0,No,No,49,100.97,Month-to-month,Yes
CUST00060,Male,1,Yes,No,19,88.97,One year,Yes
CUST01985,Female,1,Yes,No,27,84.44,Month-to-month,No
CUST01094,Female,0,Yes,Yes,17,63.39,Two year,No
CUST00814,Female,0,Yes,Yes,36,22.16,Month-to-month,Yes
CUST00590,Male,0,No,No,25,27.09,Month-to-month,Yes
CUST00638,Female,1,Yes,Yes,45,68.7,Month-to-month,Yes
CUST01723,Female,0,Yes,No,21,49.65,One year,No
CUST01132,Female,0,No,No,17,95.67,Two year,No
CUST01488,Male,0,No,No,52,25.35,Month-to-month,No
CUST00486,Male,0,Yes,Yes,22,54.99,Month-to-month,Yes
CUST01527,Male,1,No,No,69,30.69,Month-to-month,No
CUST00612,Female,0,Yes,No,12,42.98,Two year,Yes
CUST01379,Female,0,No,No,7,35.96,Month-to-month,No
CUST00965,Male,0,No,No,6,45.29,Two year,Yes
CUST00011,Male,1,Yes,No,39,70.31,Month-to-month,Yes
CUST01078,Female,1,No,No,8,75.84,Month-to-month,No
CUST00417,Female,0,No,No,2,89.86,Month-to-month,Yes
CUST00548,Female,0,Yes,Yes,52,107.36,Month-to-month,Yes
CUST01640,Female,0,No,No,17,56.89,Month-to-month,No
CUST00341,Female,0,No,No,68,105.39,Month-to-month,Yes
CUST00761,Female,0,No,No,14,38.07,Month-to-month,Yes
CUST00489,Male,0,Yes,No,23,75.53,Two year,Yes
CUST01663,Male,0,No,No,26,82.76,Month-to-month,No
CUST01296,Male,0,Yes,No,33,44.94,Month-to-month,No
CUST01843,Male,1,Yes,Yes,55,90.46,Month-to-month,No
CUST01205,Female,1,No,No,14,20.53,Month-to-month,No
CUST01141,Male,0,Yes,No,65,91.55,Two year,No
CUST01824,Male,0,No,Yes,59,87.94,Two year,No
CUST01547,Male,0,No,No,52,70.32,Month-to-month,No
CUST00998,Female,0,No,No,1,39.84,One year,Yes
CUST00436,Female,0,Yes,Yes,59,70.69,Month-to-month,Yes
CUST00126,Female,0,No,No,56,102.41,One year,Yes
CUST01688,Male,0,No,No,7,64.25,Month-to-month,No
CUST00780,Male,0,Yes,No,1,97.39,One year,Yes
CUST01974,Female,0,Yes,No,6,29.7,Month-to-month,No
CUST01286,Female,1,No,No,1,23.57,One year,No
CUST00773,Female,1,No,No,27,44.19,Month-to-month,Yes
CUST00439,Male,0,No,No,58,101.07,One year,Yes
CUST00992,Female,0,No,No,38,66.04,Month-to-month,Yes
CUST01583,Female,0,No,Yes,49,81.02,Two year,No
CUST00678,Female,0,No,No,13,112.9,Month-to-month,Yes
CUST00287,Male,0,No,Yes,32,74.0,Month-to-month,Yes
CUST01929,Male,0,No,No,21,35.41,One year,No
CUST01192,Male,0,No,No,52,44.01,Two year,No
CUST01328,Female,0,Yes,No,48,25.31,One year,No
CUST01585,Female,0,No,No,13,99.37,One year,No
CUST00285,Male,0,Yes,No,58,114.33,One year,Yes
CUST00573,Female,1,No,No,51,68.83,Month-to-month,Yes
CUST00908,Male,0,No,Yes,61,98.29,Month-to-month,Yes
CUST00950,Male,0,Yes,Yes,32,66.48,Month-to-month,Yes
CUST01838,Female,0,Yes,Yes,4,64.44,One year,No
CUST00228,Male,1,Yes,Yes,27,51.5,Two year,Yes
CUST00676,Female,0,Yes,No,17,93.6,Two year,Yes
CUST01506,Female,1,No,No,39,78.0,Two year,No
CUST01536,Male,0,Yes,No,37,108.78,Month-to-month,No
CUST00143,Female,0,No,No,70,77.13,One year,Yes
CUST00664,Male,1,No,No,38,56.33,Month-to-month,Yes
CUST01103,Male,0,Yes,No,27,103.52,Month-to-month,No
CUST00319,Female,0,No,No,32,93.39,Month-to-month,Yes
CUST01795,Female,0,Yes,Yes,67,55.76,One year,No
CUST00966,Male,0,Yes,No,38,71.74,Month-to-month,Yes
CUST01910,Female,0,No,No,64,40.99,Month-to-month,No
CUST00102,Female,1,No,No,65,36.42,Month-to-month,Yes
CUST00833,Female,0,Yes,No,50,84.17,Month-to-month,Yes
CUST01258,Female,0,Yes,No,48,69.7,Month-to-month,No
CUST01928,Female,0,No,No,47,85.13,Month-to-month,No
CUST01534,Male,0,No,Yes,6,83.38,Month-to-month,No
CUST01972,Male,0,No,Yes,58,54.87,Month-to-month,No
CUST01437,Male,0,No,Yes,26,86.91,One year,No
CUST00121,Male,1,Yes,No,30,98.15,Month-to-month,Yes
CUST01693,Male,0,No,No,46,93.98,Month-to-month,No
CUST00325,Female,0,No,No,50,74.35,Month-to-month,Yes
CUST00430,Male,0,No,No,49,52.72,Two year,Yes
CUST01653,Male,0,No,Yes,57,68.72,Month-to-month,No
CUST01763,Male,0,Yes,Yes,15,100.27,Two year,No
CUST01396,Male,0,Yes,No,29,92.51,Month-to-month,No
CUST00610,Male,1,No,Yes,31,49.63,Month-to-month,Yes
CUST00303,Female,0,Yes,No,33,90.98,Month-to-month,Yes
CUST01879,Male,0,No,Yes,33,29.62,Month-to-month,No
CUST00369,Male,0,No,Yes,7,103.72,Month-to-month,Yes
CUST01270,Female,0,No,No,41,58.28,Month-to-month,No
CUST01236,Male,1,Yes,No,5,23.77,One year,No
CUST00873,Male,0,No,No,3,73.2,Two year,Yes
CUST00149,Female,1,No,Yes,31,62.96,One year,Yes
CUST00239,Female,0,No,No,18,70.44,Month-to-month,Yes
CUST01955,Male,0,No,No,53,115.9,One year,No
CUST01767,Male,0,Yes,Yes,53,60.91,Month-to-month,No
CUST01666,Female,0,Yes,No,21,20.9,Month-to-month,No
CUST00507,Male,0,No,No,14,64.12,Two year,Yes
CUST00564,Female,0,No,No,21,74.91,Month-to-month,Yes
CUST01124,Female,1,No,No,11,64.01,One year,No
CUST00068,Female,0,Yes,No,1,69.38,Month-to-month,Yes
CUST00522,Female,0,Yes,No,52,106.39,Month-to-month,Yes
CUST01712,Male,0,Yes,No,52,29.03,One year,No
CUST00115,Female,0,No,No,7,66.24,One year,Yes
CUST01483,Male,0,No,Yes,70,110.83,Month-to-month,No
CUST01840,Female,0,No,No,66,33.92,Month-to-month,No
CUST01722,Male,0,Yes,No,67,106.54,One year,No
CUST01010,Male,0,Yes,No,1,21.49,Month-to-month,No
CUST00189,Female,0,No,Yes,68,45.35,Two year,Yes
CUST00602,Female,0,Yes,Yes,8,104.42,One year,Yes
CUST01959,Male,0,No,No,8,92.24,Month-to-month,No
CUST00980,Female,0,No,No,9,98.97,Month-to-month,Yes
CUST01983,Male,0,No,No,71,97.64,Month-to-month,No
CUST00152,Male,0,No,No,13,92.04,One year,Yes
CUST00257,Female,0,Yes,No,27,53.08,Month-to-month,Yes
CUST00322,Female,1,No,No,19,60.72,Month-to-month,Yes
CUST01067,Male,0,No,No,69,101.19,Month-to-month,No
CUST00089,Female,0,Yes,Yes,13,28.38,Two year,Yes
CUST00542,Male,0,Yes,No,60,100.56,Two year,Yes
CUST01306,Female,0,No,No,37,43.23,Month-to-month,No
CUST00412,Female,0,Yes,No,19,30.05,Two year,Yes
CUST01263,Male,0,Yes,No,36,95.73,One year,No
CUST00493,Female,0,No,Yes,26,84.85,Month-to-month,Yes
CUST01131,Female,0,Yes,No,7,94.18,One year,No
CUST01866,Female,0,Yes,No,12,26.83,One year,No
CUST01220,Male,0,Yes,No,23,81.94,Month-to-month,No
CUST01694,Male,1,Yes,No,23,90.59,One year,No
CUST01627,Male,0,No,No,1,103.5,Month-to-month,No
CUST01039,Male,0,No,No,7,89.3,One year,No
CUST00531,Female,0,No,Yes,13,103.55,Month-to-month,Yes
CUST00394,Male,0,No,No,44,32.75,Month-to-month,Yes
CUST01450,Female,0,Yes,No,53,68.02,Month-to-month,No
CUST01765,Female,1,No,No,20,97.68,Two year,No
CUST01952,Male,0,Yes,No,63,94.89,Two year,No
CUST00207,Female,0,No,No,37,56.39,Month-to-month,Yes
CUST01187,Male,0,No,Yes,68,112.78,Two year,No
CUST00546,Male,0,Yes,Yes,7,39.18,Month-to-month,Yes
CUST00024,Female,1,Yes,No,38,24.49,Month-to-month,Yes
CUST00346,Male,0,Yes,Yes,15,105.54,One year,Yes
CUST01505,Male,0,Yes,No,24,91.21,One year,No
CUST00484,Male,0,No,No,14,55.14,Month-to-month,Yes
CUST01553,Female,1,No,Yes,26,101.4,Month-to-month,No
CUST00269,Male,0,No,No,62,71.32,Month-to-month,Yes
CUST01173,Male,1,No,No,41,59.75,Two year,No
CUST01237,Female,0,No,No,59,78.32,Month-to-month,No
CUST00801,Female,0,No,Yes,24,79.54,One year,Yes
CUST00421,Female,0,No,No,11,68.92,Month-to-month,Yes
CUST00595,Female,0,No,No,17,112.44,One year,Yes
CUST01457,Female,0,Yes,No,14,112.55,Month-to-month,No
CUST00802,Male,0,No,Yes,44,107.22,Month-to-month,Yes
CUST01727,Male,0,No,Yes,9,77.57,Month-to-month,No
CUST00004,Male,0,No,No,57,46.21,Month-to-month,Yes
CUST01190,Male,0,No,No,26,21.41,One year,No
CUST01748,Male,0,Yes,No,37,55.43,Month-to-month,No
CUST01338,Female,0,Yes,No,35,59.17,Month-to-month,No
CUST00857,Male,0,No,Yes,25,51.3,Month-to-month,Yes
CUST01077,Male,0,Yes,No,54,34.88,One year,No
CUST00242,Female,0,No,No,10,70.5,Month-to-month,Yes
CUST01521,Male,0,No,Yes,9,68.81,Month-to-month,No
CUST01665,Female,0,No,No,4,44.65,Two year,No
CUST00812,Male,0,Yes,No,42,21.85,One year,Yes
CUST01783,Female,0,Yes,No,3,94.83,Two year,No
CUST00234,Female,0,Yes,No,13,40.12,One year,Yes
CUST00313,Male,0,Yes,No,12,68.13,One year,Yes
CUST00010,Male,0,No,Yes,41,24.19,Two year,Yes
CUST00000,Male,0,No,No,57,50.18,Month-to-month,Yes
CUST01431,Male,0,No,No,22,78.79,Month-to-month,No
CUST01758,Male,0,No,No,23,75.38,Two year,No
CUST01373,Female,0,Yes,No,64,40.15,Month-to-month,No
CUST01362,Male,0,No,Yes,3,107.47,One year,No
CUST01421,Male,0,No,No,2,36.01,Month-to-month,No
CUST01798,Male,1,Yes,Yes,11,110.28,Month-to-month,No
CUST01512,Male,0,Yes,No,22,61.7,Month-to-month,No
CUST01416,Male,0,Yes,No,69,41.4,Month-to-month,No
CUST01133,Male,0,No,Yes,65,86.69,Month-to-month,No
CUST00103,Female,1,Yes,No,17,32.35,Month-to-month,Yes
CUST00738,Male,0,No,Yes,5,73.4,Month-to-month,Yes
CUST01051,Male,0,No,No,44,25.82,Two year,No
CUST00750,Female,0,No,Yes,65,53.72,Month-to-month,Yes
CUST01603,Male,0,Yes,No,55,30.36,Month-to-month,No
CUST00523,Male,0,Yes,No,10,85.12,Month-to-month,Yes
CUST00314,Male,0,Yes,No,69,81.74,Two year,Yes
CUST00758,Male,0,Yes,No,36,33.39,One year,Yes
CUST01314,Female,1,No,Yes,18,75.34,Two year,No
CUST00491,Male,0,No,No,21,100.5,One year,Yes
CUST00633,Male,0,Yes,Yes,9,86.31,Two year,Yes
CUST00359,Male,0,No,No,58,90.21,One year,Yes
CUST01028,Male,0,No,No,17,77.4,One year,No
CUST01041,Female,0,Yes,Yes,38,62.78,Month-to-month,No
CUST01853,Male,1,Yes,No,48,38.82,One year,No
CUST00009,Female,0,Yes,No,3,114.36,Month-to-month,Yes
CUST00220,Male,1,No,Yes,31,23.0,One year,Yes
CUST01584,Female,0,No,No,55,35.4,Two year,No
CUST01367,Female,0,Yes,Yes,35,21.86,Two year,No
CUST00643,Male,0,No,No,6,71.22,Month-to-month,Yes
CUST01787,Female,0,No,No,34,34.01,Month-to-month,No
CUST01932,Male,0,No,No,26,95.05,Two year,No
CUST00483,Female,0,No,No,4,36.47,One year,Yes
CUST00909,Female,0,Yes,Yes,44,94.63,Month-to-month,Yes
CUST01559,Male,0,No,No,32,109.34,Month-to-month,No
CUST00593,Female,0,No,No,20,72.76,One year,Yes
CUST01523,Male,0,No,Yes,40,72.1,Month-to-month,No
CUST00822,Female,0,No,No,61,73.08,Month-to-month,Yes
CUST01749,Male,0,No,No,65,110.6,Month-to-month,No
CUST01784,Male,1,Yes,No,18,106.88,Two year,No
CUST01359,Male,0,Yes,No,54,84.0,Month-to-month,No
CUST00926,Male,0,No,No,35,30.65,Two year,Yes
CUST01229,Male,0,Yes,No,51,72.49,One year,No
CUST00979,Female,0,Yes,No,28,75.99,Two year,Yes
CUST01147,Female,0,Yes,No,63,115.7,Month-to-month,No
CUST00330,Male,0,No,Yes,36,32.61,Month-to-month,Yes
CUST01708,Female,0,No,No,52,25.41,Month-to-month,No
CUST01021,Male,0,Yes,No,70,104.8,Two year,No
CUST01683,Male,0,Yes,No,34,91.3,Month-to-month,No
CUST00596,Male,0,Yes,No,68,74.91,Month-to-month,Yes
CUST00943,Male,0,Yes,No,37,118.6,Month-to-month,Yes
CUST00468,Male,1,No,No,56,76.51,One year,Yes
CUST01066,Male,0,Yes,No,54,28.43,Month-to-month,No
CUST00057,Male,0,Yes,Yes,59,23.42,Month-to-month,Yes
CUST00196,Female,1,No,No,49,107.15,Month-to-month,Yes
CUST01687,Male,0,Yes,No,30,52.7,Month-to-month,No
CUST00930,Male,0,No,Yes,51,46.95,Month-to-month,Yes
CUST00540,Male,0,Yes,Yes,23,70.52,One year,Yes
CUST01782,Female,1,No,No,57,107.12,Two year,No
CUST01622,Female,0,Yes,No,71,87.71,Two year,No
CUST00002,Male,1,Yes,No,5,52.9,Two year,Yes
CUST01809,Female,0,No,No,21,56.4,One year,No
CUST00415,Male,1,No,No,54,53.47,Month-to-month,Yes
CUST00472,Male,1,No,Yes,35,100.14,Month-to-month,Yes
CUST01717,Male,1,No,No,69,93.8,Two year,No
CUST01170,Female,0,Yes,Yes,26,105.77,Month-to-month,No
CUST00448,Male,1,No,No,21,58.11,Month-to-month,Yes
CUST00048,Female,1,Yes,No,25,20.44,Month-to-month,Yes
CUST00939,Female,0,Yes,Yes,7,108.46,Month-to-month,Yes
CUST00790,Female,0,Yes,Yes,51,106.02,One year,Yes
CUST01739,Male,0,No,No,47,24.66,Month-to-month,No
CUST01210,Male,0,Yes,No,22,54.48,Month-to-month,No
CUST01184,Female,0,Yes,Yes,48,95.95,Two year,No
CUST00899,Male,0,No,No,61,33.83,Month-to-month,Yes
CUST01344,Male,1,No,No,52,65.76,Month-to-month,No
CUST00226,Male,0,Yes,No,38,74.71,Month-to-month,Yes
CUST01893,Male,0,Yes,No,60,21.12,One year,No
CUST01493,Female,0,No,Yes,41,90.56,Month-to-month,No
CUST01178,Male,0,Yes,Yes,57,80.73,One year,No
CUST01549,Female,0,No,No,41,119.75,Two year,No
CUST00885,Male,0,No,No,69,38.8,Two year,Yes
CUST00419,Female,1,Yes,No,31,69.25,Month-to-month,Yes
CUST00008,Male,0,No,Yes,37,71.15,Month-to-month,Yes
CUST00608,Female,0,No,No,71,49.06,Month-to-month,Yes
CUST01069,Male,0,No,Yes,8,92.96,Month-to-month,No
CUST01386,Male,0,No,No,12,53.12,Month-to-month,No
CUST00515,Male,0,No,No,33,87.4,Month-to-month,Yes
CUST00283,Male,0,No,No,47,42.26,Month-to-month,Yes
CUST01423,Male,0,No,Yes,41,118.42,Month-to-month,No
CUST01516,Male,0,No,No,51,76.56,Month-to-month,No
CUST00619,Male,0,Yes,Yes,56,67.59,Month-to-month,Yes
CUST01022,Female,1,No,No,24,56.77,Two year,No
CUST01859,Male,0,No,No,4,63.94,Month-to-month,No
CUST01000,Female,0,No,No,29,99.16,Month-to-month,No
CUST00718,Female,1,Yes,Yes,4,66.91,Month-to-month,Yes
CUST00694,Female,0,Yes,No,46,59.55,Two year,Yes
CUST01167,Female,0,Yes,No,17,67.11,Two year,No
CUST01965,Male,0,Yes,Yes,16,98.67,Month-to-month,No
CUST01324,Male,0,No,Yes,37,59.14,Month-to-month,No
CUST00125,Female,0,No,No,52,47.45,Month-to-month,Yes
CUST00827,Female,1,No,Yes,13,44.93,Month-to-month,Yes
CUST01278,Male,0,Yes,No,68,53.78,One year,No
CUST00254,Male,0,Yes,No,64,40.45,Two year,Yes
CUST01522,Male,0,No,No,36,112.74,One year,No
CUST01182,Female,0,No,Yes,36,84.39,Two year,No
CUST01655,Male,0,Yes,No,20,45.15,Two year,No
CUST01851,Male,0,Yes,No,43,107.5,Month-to-month,No
CUST00779,Male,0,No,Yes,19,85.37,Month-to-month,Yes
CUST00639,Female,1,Yes,Yes,8,101.32,One year,Yes
CUST01873,Female,0,Yes,No,37,92.74,Two year,No
CUST01155,Male,0,Yes,Yes,23,55.39,Month-to-month,No
CUST01305,Male,0,Yes,No,50,119.35,One year,No
CUST01334,Female,0,Yes,Yes,58,103.39,Month-to-month,No
CUST00321,Male,0,Yes,Yes,49,55.51,Month-to-month,Yes
CUST00919,Female,0,No,No,3,46.54,Two year,Yes
CUST01857,Male,0,No,Yes,50,44.74,Month-to-month,No
CUST00993,Female,0,Yes,No,11,56.44,One year,Yes
CUST00240,Female,1,Yes,No,43,66.43,Month-to-month,Yes
CUST01914,Female,0,Yes,Yes,69,39.52,One year,No
CUST00971,Male,0,No,Yes,35,112.58,Month-to-month,Yes
CUST00496,Male,0,No,No,11,108.47,Month-to-month,Yes
CUST00544,Male,1,No,No,56,78.14,Two year,Yes
CUST01625,Male,1,No,Yes,40,92.89,Two year,No
CUST00429,Female,1,No,No,6,97.08,Month-to-month,Yes
CUST00795,Male,0,No,No,2,64.22,Month-to-month,Yes
CUST01068,Male,0,No,Yes,27,91.89,Month-to-month,No
CUST01822,Female,0,Yes,No,6,104.77,Month-to-month,No
CUST01445,Male,0,No,No,63,58.42,Two year,No
CUST01615,Male,0,Yes,No,45,89.37,Two year,No
CUST00928,Female,0,No,No,2,96.85,Month-to-month,Yes
CUST01887,Female,0,No,No,44,114.02,One year,No
CUST00434,Female,0,No,No,54,32.97,Month-to-month,Yes
CUST00781,Male,1,Yes,No,40,101.38,Month-to-month,Yes
CUST01513,Male,0,No,No,44,55.05,One year,No
CUST00199,Male,0,Yes,Yes,27,71.76,Month-to-month,Yes
CUST01058,Female,0,No,No,37,113.61,Month-to-month,No
CUST00362,Male,0,No,No,46,20.01,One year,Yes
CUST00064,Male,0,No,No,16,29.97,Month-to-month,Yes
CUST01945,Female,0,No,No,6,67.25,One year,No
CUST01797,Female,0,No,No,15,81.48,Two year,No
CUST00003,Male,0,No,No,71,59.15,Two year,Yes
CUST00524,Female,0,Yes,No,41,105.63,Two year,Yes
CUST01759,Male,0,No,Yes,30,72.98,Month-to-month,No
CUST00413,Male,0,Yes,Yes,7,69.62,Month-to-month,Yes
CUST00883,Female,0,Yes,No,41,55.24,Month-to-month,Yes
CUST01281,Male,0,No,No,26,46.12,One year,No
CUST01048,Male,0,No,No,24,40.99,One year,No
CUST00344,Male,0,No,No,46,48.56,Month-to-month,Yes
CUST01620,Male,0,No,Yes,13,91.61,Month-to-month,No
CUST01246,Female,0,Yes,Yes,6,100.74,Month-to-month,No
CUST01618,Female,0,Yes,No,15,117.29,Month-to-month,No
CUST01383,Female,0,No,Yes,31,22.85,Month-to-month,No
CUST00166,Female,0,No,Yes,64,40.37,One year,Yes
CUST01530,Female,0,Yes,No,42,27.23,Month-to-month,No
CUST00399,Male,0,No,No,40,109.95,Month-to-month,Yes
CUST00384,Male,0,Yes,No,4,78.3,Month-to-month,Yes
CUST00187,Male,0,Yes,No,29,28.39,Two year,Yes
CUST00094,Female,0,Yes,Yes,59,77.09,Month-to-month,Yes
CUST01215,Male,0,No,No,19,112.2,One year,No
CUST01354,Female,0,No,No,56,92.76,Month-to-month,No
CUST00042,Female,0,Yes,Yes,62,76.56,One year,Yes
CUST01307,Female,0,No,No,62,82.39,Month-to-month,No
CUST01320,Female,1,No,No,34,97.98,One year,No
CUST00498,Male,0,Yes,No,60,62.87,Month-to-month,Yes
CUST01525,Male,0,Yes,No,48,77.83,One year,No
CUST01001,Male,0,No,Yes,26,67.57,Month-to-month,No
CUST01848,Male,0,No,No,19,38.15,Month-to-month,No
CUST00215,Male,0,Yes,No,49,34.53,Month-to-month,Yes
CUST01256,Female,0,No,No,50,75.7,One year,No
CUST00427,Female,1,No,Yes,53,44.85,Two year,Yes
CUST01360,Female,0,Yes,Yes,15,69.48,One year,No
CUST01140,Female,0,Yes,No,35,76.55,Month-to-month,No
CUST00262,Male,0,Yes,No,65,117.99,Month-to-month,Yes
CUST00480,Female,0,Yes,No,29,33.9,Month-to-month,Yes
CUST01996,Female,0,Yes,No,24,25.52,Month-to-month,No
CUST00420,Female,0,No,Yes,33,111.49,One year,Yes
CUST01081,Male,0,Yes,No,30,104.5,One year,No
CUST00316,Male,0,No,Yes,65,39.84,Two year,Yes
CUST01937,Female,0,No,No,46,90.5,Month-to-month,No
CUST00193,Male,0,Yes,No,25,23.89,Month-to-month,Yes
CUST00882,Male,0,No,No,69,65.09,Two year,Yes
CUST01494,Female,0,No,No,14,39.08,Two year,No
CUST01807,Male,0,No,No,60,41.99,Month-to-month,No
CUST00202,Male,0,Yes,No,1,31.45,Month-to-month,Yes
CUST00373,Female,0,No,No,36,87.85,Month-to-month,Yes
CUST01453,Male,0,No,No,40,56.05,One year,No
CUST01906,Male,1,No,Yes,46,105.24,Month-to-month,No
CUST01304,Female,1,No,No,17,88.18,Month-to-month,No
CUST00162,Female,0,Yes,No,6,114.26,Month-to-month,Yes
CUST01118,Male,0,Yes,Yes,52,86.13,Two year,No
CUST01718,Female,0,Yes,Yes,5,96.73,Month-to-month,No
CUST01201,Female,0,Yes,No,10,111.22,One year,No
CUST01546,Female,0,Yes,No,60,110.45,Month-to-month,No
CUST00954,Male,1,Yes,Yes,8,81.54,One year,Yes
CUST00301,Male,1,No,Yes,26,61.58,Two year,Yes
CUST00637,Male,0,Yes,No,44,93.56,One year,Yes
CUST00767,Female,0,Yes,Yes,53,93.9,Month-to-month,Yes
CUST01050,Female,0,No,No,68,28.89,Two year,No
CUST00479,Female,0,Yes,No,37,94.8,Month-to-month,Yes
CUST00983,Male,0,Yes,Yes,52,118.64,Month-to-month,Yes
CUST00816,Male,0,Yes,Yes,36,70.1,Two year,Yes
CUST01814,Female,0,No,No,34,46.55,One year,No
CUST00769,Male,0,Yes,No,46,46.29,Two year,Yes
CUST01034,Male,0,Yes,No,19,35.49,One year,No
CUST00569,Male,0,No,No,12,57.8,One year,Yes
CUST00351,Male,0,Yes,No,64,43.19,One year,Yes
CUST01638,Male,1,No,Yes,6,111.15,One year,No
CUST00435,Female,0,Yes,No,69,65.38,Month-to-month,Yes
CUST01465,Female,0,Yes,Yes,44,72.24,Month-to-month,No
CUST00803,Male,0,No,No,56,24.76,Month-to-month,Yes
CUST01788,Male,1,No,No,60,54.83,Month-to-month,No
CUST01234,Female,0,Yes,No,69,51.67,Month-to-month,No
CUST00946,Male,0,No,No,56,53.88,Month-to-month,Yes
CUST01998,Male,0,No,No,54,32.86,One year,No
CUST01461,Male,1,No,No,4,62.79,One year,No
CUST00669,Male,0,Yes,No,32,84.71,Month-to-month,Yes
CUST00302,Male,0,No,No,59,80.11,Month-to-month,Yes
CUST00708,Female,0,Yes,No,61,104.47,Month-to-month,Yes
CUST01260,Male,0,Yes,Yes,51,81.23,Month-to-month,No
CUST00157,Female,1,Yes,No,64,83.74,Two year,Yes
CUST00615,Male,0,Yes,No,57,37.12,Month-to-month,Yes
CUST00764,Male,0,No,No,54,99.1,One year,Yes
CUST00811,Male,0,No,No,66,113.64,One year,Yes
CUST01414,Female,0,Yes,Yes,50,47.46,Two year,No
CUST00641,Female,0,No,No,33,112.58,Month-to-month,Yes
CUST01943,Female,0,Yes,Yes,12,68.25,Month-to-month,No
CUST00295,Female,0,Yes,Yes,13,108.91,One year,Yes
CUST01477,Female,0,Yes,Yes,12,32.79,Month-to-month,No
CUST00453,Female,0,Yes,No,67,22.37,Two year,Yes
CUST00554,Male,0,Yes,No,38,49.8,Month-to-month,Yes
CUST01467,Female,0,Yes,Yes,33,51.66,Two year,No
CUST01537,Female,0,No,No,53,115.77,One year,No
CUST01900,Female,0,Yes,Yes,2,59.46,Two year,No
CUST00334,Female,1,No,No,60,60.18,One year,Yes
CUST01880,Female,0,Yes,No,44,78.92,Two year,No
CUST00260,Male,0,Yes,Yes,63,33.82,Month-to-month,Yes
CUST01956,Female,0,Yes,No,29,70.24,Two year,No
CUST01063,Male,0,Yes,No,7,38.4,Month-to-month,No
CUST00670,Male,0,Yes,No,38,66.43,Month-to-month,Yes
CUST00698,Female,1,No,No,67,87.17,Month-to-month,Yes
CUST01116,Male,0,No,No,20,25.39,Month-to-month,No
CUST00105,Female,0,Yes,Yes,10,59.37,Two year,Yes
CUST01533,Male,0,Yes,Yes,29,30.04,Month-to-month,No
CUST01499,Male,0,Yes,No,30,39.97,Month-to-month,No
CUST01484,Male,0,Yes,Yes,59,50.95,One year,No
CUST00863,Female,0,Yes,No,46,58.31,Month-to-month,Yes
CUST00624,Male,0,Yes,Yes,64,51.87,Two year,Yes
CUST01721,Male,0,Yes,Yes,2,115.31,One year,No
CUST00568,Male,0,No,No,42,92.7,One year,Yes
CUST01891,Female,0,Yes,No,24,48.51,Month-to-month,No
CUST00153,Male,0,Yes,No,58,84.38,Month-to-month,Yes
CUST00583,Female,0,No,No,22,39.88,Month-to-month,Yes
CUST00960,Male,0,No,No,17,96.84,Two year,Yes
CUST01387,Female,0,Yes,No,48,31.87,Two year,No
CUST01273,Male,0,No,No,55,44.12,One year,No
CUST00375,Female,1,No,No,54,114.56,Month-to-month,Yes
CUST00377,Male,0,Yes,No,30,79.93,One year,Yes
CUST00534,Male,0,Yes,Yes,61,88.68,Month-to-month,Yes
CUST00561,Male,0,No,No,33,111.25,Month-to-month,Yes
CUST00644,Female,0,No,No,41,56.01,Two year,Yes
CUST01845,Male,0,Yes,Yes,19,110.89,Month-to-month,No
CUST00294,Female,0,No,No,60,106.22,Month-to-month,Yes
CUST01810,Female,0,Yes,No,11,115.94,Month-to-month,No
CUST01249,Female,0,No,Yes,70,118.29,Month-to-month,No
CUST01282,Male,0,Yes,No,19,71.19,Month-to-month,No
CUST00886,Male,0,No,No,31,105.97,Month-to-month,Yes
CUST01774,Male,0,Yes,No,12,67.39,Month-to-month,No
CUST01925,Male,1,Yes,Yes,25,62.64,Month-to-month,No
CUST00520,Female,0,Yes,No,31,119.84,Two year,Yes
CUST01954,Male,1,No,No,26,40.25,Month-to-month,No
CUST01271,Female,0,No,No,47,78.91,Month-to-month,No
CUST00185,Male,1,No,No,45,48.67,Month-to-month,Yes
CUST00557,Female,0,No,No,4,77.81,One year,Yes
CUST01649,Female,0,Yes,No,42,91.39,One year,No
CUST00865,Male,1,Yes,No,46,116.72,Month-to-month,Yes
CUST01868,Male,0,No,No,28,39.3,Two year,No
CUST01836,Female,1,Yes,No,10,24.8,One year,No
CUST01301,Female,0,No,No,31,69.3,Month-to-month,No
CUST01497,Female,1,Yes,Yes,65,115.56,Month-to-month,No
CUST01948,Female,0,No,No,5,40.23,Month-to-month,No
CUST01817,Male,0,No,No,64,67.52,One year,No
CUST00519,Female,1,Yes,No,31,25.83,Month-to-month,Yes
CUST01489,Male,0,No,No,6,90.93,One year,No
CUST01753,Male,0,No,Yes,3,32.74,Month-to-month,No
CUST00878,Male,0,No,No,55,100.01,Month-to-month,Yes
CUST00186,Female,0,Yes,No,28,56.7,One year,Yes
CUST00766,Male,0,No,Yes,9,32.78,Two year,Yes
CUST01434,Female,1,Yes,No,31,28.4,Two year,No
CUST01247,Female,0,Yes,No,62,83.56,Month-to-month,No
CUST00994,Female,0,No,Yes,67,55.3,Month-to-month,Yes
CUST00108,Female,0,No,No,38,86.76,One year,Yes
CUST00799,Male,0,No,Yes,28,58.64,Month-to-month,Yes
CUST00304,Female,0,Yes,No,41,115.06,Two year,Yes
CUST01342,Male,0,No,No,59,54.46,One year,No
CUST00478,Male,0,No,No,67,70.52,Month-to-month,Yes
CUST00927,Female,0,No,No,43,69.19,One year,Yes
CUST01153,Female,0,Yes,Yes,5,115.06,Month-to-month,No
CUST01335,Female,0,Yes,No,54,75.35,Month-to-month,No
CUST00028,Female,0,No,No,51,88.98,One year,Yes
CUST01966,Male,0,No,No,17,53.89,Month-to-month,No
CUST00988,Female,0,Yes,No,65,97.73,Month-to-month,Yes
CUST01127,Female,0,No,No,3,58.71,Month-to-month,No
CUST00164,Female,0,Yes,Yes,52,78.77,One year,Yes
CUST00607,Female,0,Yes,No,37,90.11,Two year,Yes
CUST00559,Female,1,No,No,54,73.49,Month-to-month,Yes
CUST00996,Male,1,Yes,No,1,95.13,One year,Yes
CUST00471,Female,0,No,No,1,107.57,Month-to-month,Yes
CUST00923,Male,0,Yes,No,62,23.6,Month-to-month,Yes
CUST00560,Female,0,Yes,No,33,107.66,Month-to-month,Yes
CUST01524,Male,0,No,Yes,24,68.76,Month-to-month,No
CUST00335,Female,0,No,No,20,110.9,Month-to-month,Yes
CUST00902,Female,0,No,Yes,17,40.45,One year,Yes
CUST01319,Male,0,No,Yes,63,82.49,Month-to-month,No
CUST01671,Male,0,No,No,35,72.86,One year,No
CUST00251,Male,0,Yes,No,15,98.42,Month-to-month,Yes
CUST01266,Male,0,No,No,16,36.14,Month-to-month,No
CUST01293,Male,0,No,No,10,29.42,One year,No
CUST01297,Male,0,Yes,Yes,71,109.07,Month-to-month,No
CUST01535,Female,0,No,Yes,7,108.01,One year,No
CUST00069,Female,0,No,Yes,58,20.97,One year,Yes
CUST00492,Male,0,No,No,43,56.99,Month-to-month,Yes
CUST00668,Male,0,Yes,Yes,63,37.92,One year,Yes
CUST00138,Male,0,No,No,16,21.16,Month-to-month,Yes
CUST00132,Male,0,No,Yes,40,105.15,One year,Yes
CUST01540,Male,0,Yes,Yes,59,58.02,Month-to-month,No
CUST01358,Female,0,No,No,62,57.6,Month-to-month,No
CUST01854,Female,0,No,Yes,15,48.53,Month-to-month,No
CUST00527,Female,0,No,Yes,52,107.64,Month-to-month,Yes
CUST01610,Male,0,Yes,No,64,56.32,Two year,No
CUST01412,Male,0,No,No,12,53.27,Two year,No
CUST01008,Female,0,No,No,36,119.55,Two year,No
CUST00195,Female,1,No,No,2,47.26,One year,Yes
CUST00431,Female,0,No,Yes,50,44.22,Month-to-month,Yes
CUST01370,Male,0,Yes,No,18,112.93,Month-to-month,No
CUST00693,Female,0,Yes,No,56,72.94,One year,Yes
CUST00770,Male,0,No,No,54,57.55,One year,Yes
CUST01877,Female,0,No,Yes,48,36.57,One year,No
CUST00181,Male,0,Yes,No,19,50.12,One year,Yes
CUST01793,Male,0,Yes,No,38,33.45,Month-to-month,No
CUST01569,Female,1,No,No,3,25.12,Two year,No
CUST01677,Male,0,No,Yes,42,93.91,Month-to-month,No
CUST00039,Male,0,No,No,10,21.28,Month-to-month,Yes
CUST01593,Female,0,Yes,No,8,61.83,One year,No
CUST01444,Male,0,Yes,No,58,65.13,Month-to-month,No
CUST01211,Female,0,No,Yes,68,109.36,Month-to-month,No
CUST00646,Male,0,No,Yes,5,88.99,Month-to-month,Yes
CUST01991,Male,0,No,Yes,36,108.97,One year,No
CUST01492,Male,0,No,No,38,42.35,Month-to-month,No
CUST01107,Female,1,Yes,Yes,35,42.74,Month-to-month,No
CUST01811,Male,0,No,Yes,44,64.39,One year,No
CUST00984,Female,0,No,Yes,35,73.36,Month-to-month,Yes
CUST01982,Female,0,No,No,45,57.24,Month-to-month,No
CUST00563,Male,0,Yes,Yes,16,66.21,Two year,Yes
CUST01447,Female,0,No,No,24,117.93,Two year,No
CUST01476,Male,0,Yes,No,43,102.06,Month-to-month,No
CUST01785,Female,0,Yes,No,52,73.66,Month-to-month,No
CUST01903,Male,0,Yes,No,13,37.7,Month-to-month,No
CUST00288,Male,0,No,Yes,64,66.1,Month-to-month,Yes
CUST01329,Male,0,No,Yes,26,99.56,Month-to-month,No
CUST01228,Female,0,No,No,61,60.98,One year,No
CUST01908,Female,0,No,No,2,81.05,Month-to-month,No
CUST00267,Female,0,No,No,11,68.79,Month-to-month,Yes
CUST00826,Male,0,No,No,48,36.19,Month-to-month,Yes
CUST01927,Male,1,Yes,No,39,75.78,Month-to-month,No
CUST01219,Male,0,Yes,Yes,18,96.41,One year,No
CUST00906,Female,1,No,No,35,94.82,Month-to-month,Yes
CUST01159,Female,0,No,No,47,107.04,Month-to-month,No
CUST01144,Female,0,No,No,32,33.59,One year,No
CUST00168,Male,0,No,Yes,15,67.66,Month-to-month,Yes
CUST00290,Male,0,Yes,Yes,42,67.57,Two year,Yes
CUST01676,Male,0,Yes,No,57,22.63,Month-to-month,No
CUST01888,Male,0,Yes,Yes,12,96.21,Month-to-month,No
CUST00386,Male,0,Yes,No,19,114.2,One year,Yes
CUST00959,Male,0,Yes,No,3,74.24,One year,Yes
CUST01905,Female,0,Yes,Yes,23,56.42,Month-to-month,No
CUST01397,Male,0,Yes,No,48,116.5,Month-to-month,No
CUST01079,Male,0,Yes,No,29,111.73,One year,No
CUST00416,Male,0,Yes,No,61,89.55,Two year,Yes
CUST00702,Male,0,Yes,No,27,29.45,Two year,Yes
CUST00594,Female,0,No,No,70,71.75,Month-to-month,Yes
CUST01471,Female,1,No,No,71,107.41,Month-to-month,No
CUST01110,Male,0,No,No,31,30.86,Month-to-month,No
CUST01654,Female,0,Yes,Yes,21,55.54,Month-to-month,No
CUST00640,Female,0,Yes,No,18,115.46,Month-to-month,Yes
CUST00293,Female,0,No,Yes,21,113.78,One year,Yes
CUST01734,Male,1,Yes,Yes,55,117.13,Month-to-month,No
CUST00987,Female,0,No,No,44,45.19,Month-to-month,Yes
CUST01309,Female,0,No,No,32,23.95,Month-to-month,No
CUST00092,Female,0,Yes,No,24,102.92,Month-to-month,Yes
CUST00131,Male,0,No,No,61,84.49,Month-to-month,Yes
CUST01442,Female,0,Yes,No,3,59.8,Month-to-month,No
CUST00911,Male,1,Yes,No,25,88.64,One year,Yes
CUST00005,Female,0,No,Yes,15,54.3,Month-to-month,Yes
CUST01017,Male,1,No,No,55,49.4,Two year,No
CUST01080,Male,0,No,No,41,59.15,One year,No
CUST00192,Male,0,No,No,68,101.29,Two year,Yes
CUST01738,Male,1,Yes,Yes,15,43.1,Two year,No
CUST01861,Female,0,No,No,39,65.59,One year,No
CUST00975,Female,1,No,No,27,98.49,Month-to-month,Yes
CUST01781,Female,0,Yes,No,60,84.87,One year,No
CUST01440,Male,0,No,Yes,18,24.2,Month-to-month,No
CUST01608,Female,0,No,No,20,67.19,Month-to-month,No
CUST00022,Female,1,No,No,64,85.72,Two year,Yes
CUST01924,Female,0,Yes,No,63,21.54,Month-to-month,No
CUST00751,Male,0,No,No,29,91.79,One year,Yes
CUST00680,Female,0,No,Yes,5,66.37,Two year,Yes
CUST00296,Female,0,No,No,1,66.78,Month-to-month,Yes
CUST01885,Female,1,No,No,31,75.5,Month-to-month,No
CUST00787,Female,0,No,No,48,110.34,Month-to-month,Yes
CUST00320,Female,0,No,Yes,3,61.1,One year,Yes
CUST01938,Female,1,No,No,9,42.69,One year,No
CUST00077,Female,0,Yes,Yes,34,98.05,One year,Yes
CUST01183,Female,0,Yes,No,36,96.29,Month-to-month,No
CUST00481,Female,0,No,Yes,33,45.24,Two year,Yes
CUST01024,Female,0,No,Yes,10,70.38,Two year,No
CUST00494,Male,0,No,No,41,92.54,Two year,Yes
CUST01567,Female,0,Yes,No,32,84.64,One year,No
CUST01336,Male,0,No,Yes,34,81.61,One year,No
CUST01895,Male,1,Yes,No,13,87.88,Month-to-month,No
CUST00357,Female,0,Yes,No,27,31.39,One year,Yes
CUST00763,Female,0,Yes,Yes,47,55.56,One year,Yes
CUST01469,Male,0,No,No,47,68.4,Month-to-month,No
CUST01977,Male,0,Yes,No,14,26.68,One year,No
CUST00807,Male,0,Yes,No,41,30.57,One year,Yes
CUST01674,Male,1,Yes,Yes,41,23.51,Two year,No
CUST00843,Male,0,Yes,Yes,22,90.62,One year,Yes
CUST01770,Male,0,Yes,Yes,2,90.02,Month-to-month,No
CUST00699,Male,0,Yes,Yes,23,27.47,Month-to-month,Yes
CUST00342,Male,1,No,Yes,50,37.22,Month-to-month,Yes
CUST00655,Male,1,Yes,Yes,25,31.22,One year,Yes
CUST00586,Female,0,No,No,64,87.1,Month-to-month,Yes
CUST00991,Female,0,Yes,No,56,79.6,Month-to-month,Yes
CUST00794,Male,0,Yes,No,9,39.05,Month-to-month,Yes
CUST00502,Male,0,No,Yes,19,40.8,Month-to-month,Yes
CUST00690,Female,0,No,Yes,39,38.9,One year,Yes
CUST00271,Female,1,Yes,Yes,56,48.89,One year,Yes
CUST01424,Female,0,Yes,No,45,21.99,Two year,No
CUST01777,Male,0,Yes,No,29,86.13,Month-to-month,No
CUST00074,Male,1,No,No,24,114.34,Month-to-month,Yes
CUST01372,Female,0,Yes,No,33,96.27,Month-to-month,No
CUST00659,Female,0,No,No,50,109.93,Month-to-month,Yes
CUST01355,Female,0,No,No,24,87.93,Month-to-month,No
CUST00774,Female,0,No,Yes,70,59.85,One year,Yes
CUST01606,Female,0,No,Yes,16,28.29,Month-to-month,No
CUST01973,Female,0,No,No,44,96.36,One year,No
CUST01415,Female,1,No,No,36,74.61,Month-to-month,No
CUST01617,Male,0,No,No,24,105.3,Two year,No
CUST01794,Female,0,Yes,No,35,37.28,One year,No
CUST00665,Male,1,Yes,No,41,70.14,Two year,Yes
CUST00116,Male,0,No,No,58,59.01,One year,Yes
CUST00853,Male,0,No,No,13,70.74,Month-to-month,Yes
CUST00461,Male,0,Yes,Yes,53,81.09,Two year,Yes
CUST00852,Male,1,No,No,45,26.88,One year,Yes
CUST00467,Male,0,No,No,47,73.83,Month-to-month,Yes
CUST00713,Female,0,No,No,43,23.38,Month-to-month,Yes
CUST01568,Male,0,Yes,No,28,74.54,Two year,No
CUST01337,Female,0,No,Yes,7,67.43,Month-to-month,No
CUST00667,Female,1,Yes,No,53,54.85,Month-to-month,Yes
CUST01984,Female,0,No,No,71,79.59,Month-to-month,No
CUST00315,Female,0,No,No,6,60.49,One year,Yes
CUST01735,Female,0,Yes,No,23,31.79,One year,No
CUST01874,Female,0,Yes,No,64,57.07,Month-to-month,No
CUST01562,Female,0,No,Yes,11,117.56,Month-to-month,No
CUST01728,Female,0,No,No,28,78.34,One year,No
CUST00661,Male,0,No,Yes,18,20.56,Month-to-month,Yes
CUST01482,Female,1,No,No,29,43.57,Two year,No
CUST00736,Female,0,No,No,31,27.23,Month-to-month,Yes
CUST01295,Female,0,Yes,No,12,22.05,Month-to-month,No
CUST00091,Female,0,No,Yes,19,71.41,Month-to-month,Yes
CUST00656,Male,0,Yes,No,69,49.12,Month-to-month,Yes
CUST01418,Male,0,Yes,No,12,51.82,Two year,No
CUST00055,Female,0,No,No,1,78.51,Month-to-month,Yes
CUST01096,Female,0,Yes,Yes,23,106.99,Month-to-month,No
CUST00450,Female,0,No,Yes,52,53.62,Month-to-month,Yes
CUST01312,Male,0,Yes,No,35,84.91,One year,No
CUST01684,Male,0,No,No,24,47.35,Two year,No
CUST01958,Male,0,Yes,No,47,90.68,Month-to-month,No
CUST01171,Male,0,No,No,66,109.75,Two year,No
CUST00047,Male,0,Yes,No,21,87.15,Month-to-month,Yes
CUST00932,Male,0,No,Yes,16,119.17,Two year,Yes
CUST01696,Male,0,No,No,44,87.89,Two year,No
CUST00874,Female,0,Yes,No,52,100.9,Month-to-month,Yes
CUST01657,Male,1,No,No,69,96.95,Month-to-month,No
CUST00696,Male,0,No,No,69,81.04,Month-to-month,Yes
CUST01686,Female,0,Yes,No,69,75.61,Two year,No
CUST00370,Female,1,Yes,No,4,29.33,Month-to-month,Yes
CUST00719,Female,0,Yes,Yes,41,53.41,Month-to-month,Yes
CUST00956,Female,0,No,No,7,59.28,Month-to-month,Yes
CUST00133,Male,0,No,Yes,44,80.92,Month-to-month,Yes
CUST01411,Female,0,Yes,No,13,97.31,One year,No
CUST01163,Female,0,Yes,No,59,23.34,One year,No
CUST01498,Male,1,Yes,Yes,52,22.86,Month-to-month,No
CUST01650,Male,0,Yes,Yes,39,63.54,Month-to-month,No
CUST00213,Male,0,No,No,47,93.57,Two year,Yes
CUST01919,Male,0,Yes,No,64,65.15,Two year,No
CUST00110,Female,0,No,No,53,84.36,Month-to-month,Yes
CUST01462,Male,0,No,No,17,29.87,Month-to-month,No
CUST00401,Female,0,Yes,No,61,60.26,One year,Yes
CUST00080,Male,0,No,Yes,23,82.68,Month-to-month,Yes
CUST01849,Female,0,Yes,Yes,20,21.4,Month-to-month,No
CUST00925,Male,0,Yes,No,13,54.52,Month-to-month,Yes
CUST00806,Female,0,Yes,No,50,89.54,Two year,Yes
CUST01632,Female,0,No,No,7,57.03,Month-to-month,No
CUST00041,Male,0,No,No,12,61.8,Month-to-month,Yes
CUST01801,Male,1,Yes,Yes,13,103.82,Month-to-month,No
CUST00603,Female,0,Yes,No,37,63.24,Month-to-month,Yes
CUST01953,Female,0,No,Yes,52,99.42,One year,No
CUST01252,Female,0,Yes,No,59,64.22,Month-to-month,No
CUST00536,Female,0,Yes,Yes,71,103.03,Month-to-month,Yes
CUST00652,Male,0,No,Yes,61,108.03,One year,Yes
CUST01231,Female,0,No,No,2,64.76,Two year,No
CUST00331,Male,0,No,No,61,113.26,Two year,Yes
CUST01162,Female,0,No,Yes,66,49.34,Month-to-month,No
CUST00379,Male,0,No,Yes,43,113.28,Two year,Yes
CUST01230,Male,0,No,No,9,67.71,Month-to-month,No
CUST01833,Male,0,Yes,No,46,64.61,Month-to-month,No
CUST01318,Female,0,Yes,No,1,59.76,Month-to-month,No
CUST00889,Male,1,Yes,No,44,68.07,Month-to-month,Yes
CUST00099,Male,0,Yes,Yes,60,35.75,One year,Yes
CUST01216,Female,0,Yes,Yes,16,34.08,Month-to-month,No
CUST01315,Female,0,Yes,No,37,23.19,One year,No
CUST00748,Male,0,Yes,No,60,25.13,Month-to-month,Yes
CUST01240,Male,0,No,No,22,85.38,Month-to-month,No
CUST00175,Female,0,Yes,No,59,111.36,Month-to-month,Yes
CUST01729,Female,0,Yes,No,26,95.0,One year,No
CUST00457,Female,0,No,No,64,92.15,Two year,Yes
CUST00562,Male,0,Yes,Yes,20,46.6,Two year,Yes
CUST00079,Female,1,No,No,27,80.67,One year,Yes
CUST00222,Female,0,Yes,Yes,23,77.13,Month-to-month,Yes
CUST01027,Male,1,Yes,Yes,49,25.57,Two year,No
CUST00575,Female,0,Yes,Yes,3,88.69,Month-to-month,Yes
CUST01856,Male,0,Yes,No,54,115.43,One year,No
CUST00537,Male,0,Yes,No,24,61.92,One year,Yes
CUST01999,Male,1,No,No,38,89.75,Two year,No
CUST01011,Male,0,Yes,No,27,109.0,Month-to-month,No
CUST00455,Male,1,Yes,Yes,32,61.8,Month-to-month,Yes
CUST01604,Female,0,No,No,44,103.77,One year,No
CUST00922,Male,0,No,Yes,17,50.68,Month-to-month,Yes
CUST01645,Male,0,No,No,50,77.21,One year,No
CUST00216,Female,0,Yes,No,41,51.63,One year,Yes
CUST01233,Male,1,No,Yes,62,72.68,Month-to-month,No
CUST00918,Female,0,No,Yes,1,88.4,Two year,Yes
CUST01092,Female,0,No,No,30,41.2,Two year,No
CUST01261,Male,0,No,No,52,91.62,One year,No
CUST01204,Male,0,Yes,Yes,50,87.22,Month-to-month,No
CUST01102,Female,0,No,No,31,119.95,Month-to-month,No
CUST00530,Male,0,Yes,No,28,98.81,Month-to-month,Yes
CUST00035,Male,0,Yes,No,68,70.57,Two year,Yes
CUST01085,Male,0,Yes,No,50,52.81,Two year,No
CUST00997,Female,0,Yes,No,7,87.85,Month-to-month,Yes
CUST01637,Male,0,No,No,59,117.4,Two year,No
CUST01073,Male,1,No,No,13,103.09,One year,No
CUST00117,Female,1,Yes,No,10,106.36,Month-to-month,Yes
CUST00059,Male,0,No,No,5,101.04,Month-to-month,Yes
CUST00282,Female,0,No,Yes,47,101.12,Month-to-month,Yes
CUST00253,Male,0,Yes,Yes,24,92.26,Month-to-month,Yes
CUST01711,Male,0,No,Yes,57,53.06,One year,No
CUST01408,Male,1,Yes,No,11,67.38,Month-to-month,No
CUST01571,Female,1,No,Yes,27,70.53,One year,No
CUST01641,Male,0,Yes,No,60,62.4,Month-to-month,No
CUST01609,Male,0,Yes,No,45,110.79,Month-to-month,No
CUST01962,Female,0,Yes,No,53,20.88,Two year,No
CUST00323,Female,0,No,No,60,60.92,Two year,Yes
CUST01221,Female,0,No,No,11,43.21,Month-to-month,No
CUST00183,Male,1,Yes,No,24,69.81,One year,Yes
CUST00910,Male,0,Yes,No,68,80.46,One year,Yes
CUST00771,Male,0,No,No,37,69.78,Month-to-month,Yes
CUST01134,Male,0,No,Yes,64,43.4,Two year,No
CUST00518,Female,0,Yes,Yes,70,96.17,Two year,Yes
CUST01109,Male,1,No,No,6,50.35,Month-to-month,No
CUST00945,Male,0,Yes,No,55,96.6,Month-to-month,Yes
CUST00740,Male,0,No,No,3,54.03,Month-to-month,Yes
CUST00877,Female,0,No,No,70,91.56,Month-to-month,Yes
CUST00070,Female,0,No,No,16,34.0,Month-to-month,Yes
CUST01992,Male,0,Yes,Yes,7,90.03,Two year,No
CUST00402,Male,0,No,No,9,109.03,Two year,Yes
CUST01276,Male,0,Yes,Yes,59,81.76,Month-to-month,No
CUST00062,Male,0,No,No,9,89.81,Month-to-month,Yes
CUST01750,Female,0,Yes,Yes,9,110.1,Month-to-month,No
CUST01979,Female,1,Yes,Yes,41,118.63,Two year,No
CUST00589,Male,0,Yes,No,9,66.78,Month-to-month,Yes
CUST01009,Female,0,Yes,Yes,67,31.89,Month-to-month,No
CUST01313,Male,0,No,Yes,33,76.72,Month-to-month,No
CUST01232,Male,1,Yes,No,5,97.52,Month-to-month,No
CUST01255,Female,0,No,No,51,78.84,Month-to-month,No
CUST00414,Male,0,No,Yes,9,89.0,Month-to-month,Yes
CUST01531,Female,0,Yes,No,45,98.62,Two year,No
CUST00173,Female,0,Yes,Yes,53,30.79,Month-to-month,Yes
CUST00673,Female,0,Yes,No,52,115.6,Month-to-month,Yes
CUST01619,Male,0,No,No,36,46.67,Month-to-month,No
CUST01475,Female,1,No,No,16,111.12,Two year,No
CUST01420,Male,0,Yes,No,54,116.7,Month-to-month,No
CUST00913,Female,0,No,No,32,51.18,One year,Yes
CUST01574,Female,0,No,Yes,61,69.18,Month-to-month,No
CUST00622,Male,0,Yes,No,10,91.61,Month-to-month,Yes
CUST00148,Male,1,No,No,9,27.96,One year,Yes
CUST00238,Male,1,No,Yes,46,59.27,Two year,Yes
CUST01790,Male,0,Yes,No,19,71.13,One year,No
CUST00836,Male,0,No,No,55,45.5,Two year,Yes
CUST00754,Female,1,Yes,No,36,42.11,Two year,Yes
CUST00903,Male,0,Yes,No,39,38.62,Month-to-month,Yes
CUST00423,Male,0,Yes,No,7,39.94,Month-to-month,Yes
CUST01613,Male,0,Yes,Yes,47,65.59,Month-to-month,No
CUST00671,Female,1,Yes,Yes,22,69.53,Month-to-month,Yes
CUST01149,Male,0,No,No,51,64.33,Month-to-month,No
CUST00844,Male,1,Yes,No,65,98.27,Month-to-month,Yes
CUST00159,Female,0,Yes,Yes,34,21.14,Month-to-month,Yes
CUST00490,Female,0,Yes,Yes,68,29.99,One year,Yes
CUST00422,Female,0,No,No,33,65.03,Month-to-month,Yes
CUST01275,Female,0,No,No,62,117.21,Month-to-month,No
CUST01780,Female,0,Yes,No,1,40.77,Month-to-month,No
CUST00031,Male,0,Yes,No,40,41.43,One year,Yes
CUST01402,Male,0,Yes,Yes,45,99.04,Month-to-month,No
CUST00948,Female,0,Yes,No,57,62.14,Month-to-month,Yes
CUST01662,Female,0,No,No,71,113.71,Month-to-month,No
CUST01368,Male,0,Yes,No,52,108.86,Month-to-month,No
CUST00759,Male,0,No,No,33,114.38,One year,Yes
CUST00647,Male,0,Yes,No,59,108.4,Two year,Yes
CUST01661,Male,1,No,No,6,21.0,Month-to-month,No
CUST00957,Male,0,Yes,No,41,89.56,One year,Yes
CUST00721,Male,0,No,No,69,34.56,Month-to-month,Yes
CUST00684,Male,0,No,Yes,33,36.03,Month-to-month,Yes
CUST01912,Female,0,No,Yes,36,68.64,Month-to-month,No
CUST00701,Female,0,No,No,23,109.08,Month-to-month,Yes
CUST00090,Female,1,No,Yes,66,68.29,Month-to-month,Yes
CUST00352,Male,0,No,Yes,65,99.79,Two year,Yes
CUST01931,Female,0,Yes,Yes,31,38.27,Month-to-month,No
CUST00916,Female,1,No,No,63,23.3,Month-to-month,Yes
CUST01825,Male,0,Yes,No,53,113.67,Month-to-month,No
CUST01443,Male,0,Yes,Yes,55,51.01,One year,No
CUST00217,Male,0,Yes,No,30,117.61,Two year,Yes
CUST01285,Female,0,No,No,6,46.29,Month-to-month,No
CUST00235,Female,0,Yes,Yes,11,112.25,One year,Yes
CUST00265,Female,0,Yes,No,1,63.3,Two year,Yes
CUST00730,Male,0,Yes,No,32,102.67,Month-to-month,Yes
CUST00058,Male,0,Yes,No,69,51.97,One year,Yes
CUST01441,Female,0,No,Yes,67,67.11,Month-to-month,No
CUST01089,Female,0,Yes,Yes,51,65.15,Two year,No
CUST00686,Female,1,No,No,56,73.23,Month-to-month,Yes
CUST00500,Male,0,Yes,No,65,114.23,Month-to-month,Yes
CUST00985,Female,0,No,Yes,51,31.31,Two year,Yes
CUST00324,Female,1,No,Yes,29,74.42,Two year,Yes
CUST00122,Female,1,Yes,Yes,37,113.08,Two year,Yes
CUST01760,Female,0,No,Yes,10,52.17,Month-to-month,No
CUST00244,Male,0,No,No,31,33.18,Month-to-month,Yes
CUST00248,Male,1,No,No,55,71.72,Month-to-month,Yes
CUST01375,Male,0,No,Yes,48,72.13,Month-to-month,No
CUST00261,Female,0,No,No,26,59.9,Two year,Yes
CUST01775,Female,0,No,Yes,26,39.37,Month-to-month,No
CUST00096,Female,0,No,No,10,23.82,Month-to-month,Yes
CUST00452,Female,1,No,Yes,52,74.12,One year,Yes
CUST00749,Female,0,No,No,40,58.02,One year,Yes
CUST01658,Male,0,Yes,Yes,51,44.48,Month-to-month,No
CUST01963,Female,1,No,No,58,91.61,Month-to-month,No
CUST01061,Male,0,Yes,No,3,109.13,Month-to-month,No
CUST01062,Male,0,No,No,43,100.39,Month-to-month,No
CUST01894,Male,0,Yes,No,11,44.23,Month-to-month,No
CUST01449,Female,0,No,No,37,112.22,Month-to-month,No
CUST01504,Male,0,No,Yes,27,107.25,Month-to-month,No
CUST00387,Male,0,No,No,45,26.43,One year,Yes
CUST01573,Female,0,No,No,25,70.26,Month-to-month,No
CUST01778,Female,0,Yes,No,15,111.13,Month-to-month,No
CUST01826,Female,0,No,Yes,8,102.69,Month-to-month,No
CUST01035,Female,0,No,Yes,29,104.9,Two year,No
CUST01339,Female,0,Yes,Yes,15,111.55,Month-to-month,No
CUST01250,Male,0,Yes,No,63,47.41,Two year,No
CUST00049,Female,0,Yes,No,11,112.47,Two year,Yes
CUST01901,Male,0,No,Yes,43,57.25,Two year,No
CUST00841,Female,0,Yes,Yes,54,24.75,Month-to-month,Yes
CUST00392,Female,0,No,No,28,111.08,One year,Yes
CUST00869,Female,0,Yes,No,19,62.69,Month-to-month,Yes
CUST00710,Male,0,Yes,Yes,52,64.09,Two year,Yes
CUST01446,Female,0,Yes,No,52,63.23,Month-to-month,No
CUST00350,Female,1,Yes,No,24,39.99,Month-to-month,Yes
CUST01816,Female,0,No,Yes,4,109.43,One year,No
CUST01789,Female,1,Yes,No,26,58.95,Two year,No
CUST01918,Male,0,No,No,44,72.66,Month-to-month,No
CUST01564,Male,0,Yes,Yes,8,109.32,Month-to-month,No
CUST00140,Female,0,Yes,No,57,86.15,Month-to-month,Yes
CUST00442,Male,0,Yes,Yes,17,48.01,Month-to-month,Yes
CUST01311,Female,1,No,No,6,31.92,One year,No
CUST01543,Male,0,Yes,Yes,44,80.15,Month-to-month,No
CUST00329,Female,0,No,No,60,36.91,Two year,Yes
CUST01151,Male,0,Yes,No,8,68.53,Month-to-month,No
CUST00017,Female,0,Yes,No,9,44.19,Two year,Yes
CUST01754,Male,1,No,Yes,26,102.37,Month-to-month,No
CUST01474,Female,0,No,No,14,104.56,Month-to-month,No
CUST00705,Male,0,No,Yes,16,27.83,Two year,Yes
CUST00278,Male,0,Yes,No,70,91.62,Month-to-month,Yes
CUST00912,Male,1,Yes,No,48,21.84,One year,Yes
CUST00526,Male,0,No,No,59,54.77,Month-to-month,Yes
CUST01730,Female,0,Yes,No,3,70.99,Month-to-month,No
CUST00273,Female,0,No,No,13,113.66,One year,Yes
CUST00360,Female,1,No,No,31,92.09,Two year,Yes
CUST00894,Female,0,No,No,56,91.85,Month-to-month,Yes
CUST00513,Female,0,No,No,39,51.06,Two year,Yes
CUST00732,Male,0,Yes,No,43,70.48,Two year,Yes
CUST00999,Male,0,Yes,Yes,49,69.4,Two year,Yes
CUST01936,Male,0,No,No,37,60.79,One year,No
CUST01964,Male,1,No,Yes,5,54.44,Month-to-month,No
CUST01805,Male,1,No,No,71,75.51,Month-to-month,No
CUST00332,Female,0,Yes,Yes,17,80.5,Month-to-month,Yes
CUST01518,Female,0,Yes,No,6,90.48,One year,No
CUST00001,Female,0,No,No,27,85.03,Month-to-month,Yes
CUST00539,Female,0,Yes,No,61,48.49,Month-to-month,Yes
CUST01907,Male,0,Yes,No,15,95.66,One year,No
CUST01137,Female,0,Yes,No,33,68.43,Month-to-month,No
CUST00095,Female,0,No,No,15,72.71,One year,Yes
CUST00772,Male,1,Yes,Yes,23,54.31,Month-to-month,Yes
CUST00765,Male,0,Yes,No,4,71.02,Month-to-month,Yes
CUST00120,Female,1,Yes,No,28,106.39,One year,Yes
CUST01346,Male,0,No,Yes,71,33.99,Two year,No
CUST00307,Female,0,Yes,No,49,72.08,Month-to-month,Yes
CUST00570,Female,0,Yes,No,65,20.81,Month-to-month,Yes
CUST01302,Male,0,No,No,60,104.68,Two year,No
CUST00065,Female,0,Yes,Yes,33,47.25,Two year,Yes
CUST01181,Female,0,No,Yes,9,23.21,Month-to-month,No
CUST00973,Male,0,No,No,18,61.47,Month-to-month,Yes
CUST00849,Female,0,Yes,No,71,59.81,Month-to-month,Yes
CUST00355,Male,1,Yes,No,15,62.93,One year,Yes
CUST00463,Male,0,No,No,53,60.41,Month-to-month,Yes
CUST01514,Female,0,No,No,64,105.88,Month-to-month,No
CUST00353,Female,0,No,No,17,76.31,One year,Yes
CUST01042,Male,0,No,No,3,39.75,Month-to-month,No
CUST00194,Male,0,Yes,Yes,67,85.89,Two year,Yes
CUST00007,Male,0,Yes,No,20,92.04,Month-to-month,Yes
CUST00229,Male,0,Yes,No,69,77.55,Two year,Yes
CUST00458,Male,0,No,No,69,28.81,Month-to-month,Yes
CUST01121,Male,0,No,Yes,61,53.09,Month-to-month,No
CUST01348,Female,0,No,No,53,44.24,Two year,No
CUST01736,Male,1,No,No,34,115.83,Month-to-month,No
CUST00860,Female,0,No,No,47,65.06,Month-to-month,Yes
CUST01235,Female,0,Yes,No,52,45.82,Two year,No
CUST01864,Female,0,Yes,No,42,44.33,Month-to-month,No
CUST01145,Female,0,No,Yes,63,26.66,Month-to-month,No
CUST01726,Female,0,No,No,69,60.19,Month-to-month,No
CUST01699,Female,0,No,Yes,21,61.28,Month-to-month,No
CUST01419,Male,0,Yes,No,40,46.67,Month-to-month,No
CUST01598,Female,0,Yes,No,59,52.74,Month-to-month,No
CUST00300,Male,0,Yes,No,25,116.18,One year,Yes
CUST00871,Female,0,Yes,Yes,33,43.09,Month-to-month,Yes
CUST01279,Female,0,Yes,Yes,28,90.3,Month-to-month,No
CUST01064,Female,0,No,Yes,49,49.59,Month-to-month,No
CUST01090,Female,0,No,No,68,113.85,Two year,No
CUST01670,Female,0,Yes,No,15,36.65,Two year,No
CUST01733,Female,1,No,No,63,50.98,Two year,No
CUST00729,Female,0,No,No,37,84.53,One year,Yes
CUST01361,Female,0,No,No,69,104.91,One year,No
CUST00970,Female,0,No,No,31,77.31,Two year,Yes
CUST01350,Female,0,No,Yes,69,26.48,One year,No
CUST01330,Female,0,Yes,Yes,12,61.71,Month-to-month,No
CUST01016,Female,0,No,Yes,33,119.16,Month-to-month,No
CUST00879,Male,0,Yes,No,57,54.61,Month-to-month,Yes
CUST01578,Female,0,No,No,8,39.57,Month-to-month,No
CUST00044,Female,1,No,No,63,55.02,Month-to-month,Yes
CUST01779,Female,0,Yes,Yes,46,60.38,Two year,No
CUST01915,Female,0,No,Yes,67,36.54,One year,No
CUST01626,Male,0,Yes,No,27,115.25,One year,No
CUST01429,Male,1,No,No,1,113.52,One year,No
CUST01382,Male,1,No,Yes,56,36.72,Month-to-month,No
CUST01108,Female,0,No,Yes,66,20.31,Month-to-month,No
CUST01871,Male,1,Yes,Yes,10,116.79,Month-to-month,No
CUST00123,Male,0,No,No,67,44.58,Month-to-month,Yes
CUST00252,Female,0,No,No,2,96.33,Month-to-month,Yes
CUST00212,Male,0,Yes,No,56,104.61,Month-to-month,Yes
CUST00995,Male,0,Yes,No,15,83.64,Two year,Yes
CUST01400,Male,0,Yes,No,9,74.56,Month-to-month,No
CUST01194,Female,0,No,No,63,46.02,Month-to-month,No
CUST00733,Female,0,No,No,36,89.71,Month-to-month,Yes
CUST01198,Male,0,Yes,Yes,68,20.82,Two year,No
CUST01427,Male,1,Yes,No,47,24.05,One year,No
CUST01946,Male,0,No,Yes,53,89.83,One year,No
CUST00597,Male,0,No,No,3,78.3,Two year,Yes
CUST01176,Male,0,No,No,15,53.29,Month-to-month,No
CUST00824,Female,0,Yes,Yes,70,40.06,Two year,Yes
CUST00521,Male,1,No,No,46,95.24,Two year,Yes
CUST01764,Male,0,No,No,56,33.95,One year,No
CUST01065,Male,0,Yes,No,41,91.7,One year,No
CUST00591,Female,1,Yes,No,2,79.82,Two year,Yes
CUST00631,Female,0,Yes,No,21,58.02,Month-to-month,Yes
CUST00880,Male,0,No,Yes,16,37.26,One year,Yes
CUST00488,Male,0,Yes,No,3,56.78,Two year,Yes
CUST01976,Male,0,Yes,No,20,103.72,Month-to-month,No
CUST00374,Male,0,No,No,54,77.06,Two year,Yes
CUST00383,Male,0,Yes,Yes,35,99.19,Month-to-month,Yes
CUST00743,Male,0,Yes,No,35,69.62,Month-to-month,Yes
CUST01074,Male,1,No,No,63,24.16,Month-to-month,No
CUST01841,Female,0,No,Yes,67,20.34,Two year,No
CUST00704,Male,0,No,No,10,114.91,One year,Yes
CUST01452,Female,0,No,No,21,103.02,One year,No
CUST00791,Female,0,Yes,No,60,88.79,Month-to-month,Yes
CUST00396,Female,0,No,Yes,37,78.93,Month-to-month,Yes
CUST01572,Female,0,Yes,Yes,45,84.77,Month-to-month,No
CUST01364,Female,0,Yes,No,37,33.62,Month-to-month,No
CUST01101,Female,0,Yes,No,2,64.5,Month-to-month,No
CUST01771,Male,0,Yes,No,58,74.77,One year,No
CUST00723,Male,0,Yes,Yes,30,67.02,Month-to-month,Yes
CUST00345,Male,0,No,No,42,47.09,Two year,Yes
CUST01652,Female,0,No,No,48,25.0,Month-to-month,No
CUST00972,Male,0,Yes,No,16,84.53,Month-to-month,Yes
CUST01012,Female,1,No,No,40,44.5,One year,No
CUST01485,Male,1,No,No,64,117.64,One year,No
CUST00796,Male,0,No,Yes,70,27.15,Month-to-month,Yes
CUST00931,Female,0,Yes,No,54,44.27,Two year,Yes
CUST00817,Male,0,No,No,38,52.17,Month-to-month,Yes
CUST01633,Male,0,No,No,65,22.02,Month-to-month,No
CUST00921,Male,0,Yes,No,64,99.25,Month-to-month,Yes
CUST01648,Male,0,No,No,71,33.22,Month-to-month,No
CUST00087,Male,0,Yes,Yes,64,107.25,Month-to-month,Yes
CUST00977,Female,0,No,Yes,45,33.08,Month-to-month,Yes
CUST01019,Male,0,Yes,Yes,29,31.54,Two year,No
CUST01741,Female,0,Yes,Yes,28,105.03,One year,No
CUST00651,Female,0,Yes,No,54,117.89,One year,Yes
CUST00810,Male,0,No,Yes,61,39.89,Month-to-month,Yes
CUST01689,Female,0,No,Yes,36,84.69,One year,No
CUST01732,Male,0,No,No,17,105.83,One year,No
CUST01916,Female,0,Yes,No,47,97.72,Month-to-month,No
CUST00963,Male,0,No,No,22,70.21,Month-to-month,Yes
CUST00184,Male,0,No,No,26,77.95,Month-to-month,Yes
CUST01378,Female,0,Yes,No,40,52.15,One year,No
CUST01223,Male,0,No,No,68,95.72,Two year,No
CUST00306,Female,0,Yes,No,57,94.61,Month-to-month,Yes
CUST00109,Male,0,No,No,70,80.94,Month-to-month,Yes
CUST00263,Male,0,Yes,Yes,4,42.59,Month-to-month,Yes
CUST01288,Female,0,Yes,No,51,69.21,Two year,No
CUST00371,Female,0,No,No,52,93.88,Two year,Yes
CUST01756,Male,0,Yes,No,31,119.08,Two year,No
CUST01902,Male,0,Yes,Yes,8,65.57,Two year,No
CUST01538,Female,0,Yes,No,18,106.77,Month-to-month,No
CUST00805,Female,0,No,Yes,32,35.82,Two year,Yes
CUST00081,Female,0,No,Yes,68,83.8,Month-to-month,Yes
CUST00366,Female,0,Yes,No,53,21.56,Month-to-month,Yes
CUST01422,Male,0,No,Yes,50,98.73,Month-to-month,No
CUST01238,Male,0,No,No,68,43.0,One year,No
CUST00327,Male,0,No,Yes,56,33.48,Month-to-month,Yes
CUST01757,Male,1,No,No,26,67.23,One year,No
CUST00390,Male,0,Yes,Yes,58,52.94,Month-to-month,Yes
CUST01692,Female,0,Yes,No,15,74.42,Two year,No
CUST01269,Female,0,No,No,19,102.79,One year,No
CUST00592,Male,0,No,Yes,19,46.44,Month-to-month,Yes
CUST01668,Male,0,No,Yes,21,33.77,Month-to-month,No
CUST00636,Male,0,No,No,17,21.97,Month-to-month,Yes
CUST01517,Male,0,No,No,7,34.21,Month-to-month,No
CUST01628,Male,0,No,No,34,110.29,Two year,No
CUST01146,Male,0,Yes,No,12,117.61,Month-to-month,No
CUST01284,Male,0,No,Yes,57,36.76,Month-to-month,No
CUST01040,Male,1,No,No,26,20.5,Month-to-month,No
CUST00045,Female,0,No,No,25,111.71,Month-to-month,Yes
CUST01349,Male,0,No,No,59,38.43,One year,No
CUST00700,Female,1,No,Yes,61,66.07,One year,Yes
CUST00456,Female,0,No,No,10,114.29,Month-to-month,Yes
CUST01799,Male,0,No,No,24,116.23,Month-to-month,No
CUST01611,Female,0,Yes,No,59,48.72,Month-to-month,No
CUST01768,Male,0,No,No,53,45.4,Month-to-month,No
CUST01168,Male,0,Yes,Yes,34,101.87,Month-to-month,No
CUST01191,Male,1,No,No,3,20.7,Month-to-month,No
CUST00289,Female,0,Yes,No,71,52.59,Month-to-month,Yes
CUST00169,Female,0,Yes,No,6,49.61,Two year,Yes
CUST00986,Female,0,Yes,No,55,102.83,Two year,Yes
CUST01032,Male,0,Yes,No,44,76.05,Month-to-month,No
CUST00541,Female,0,No,No,30,73.13,Month-to-month,Yes
CUST00961,Male,0,Yes,No,66,28.92,Two year,Yes
CUST00809,Male,0,Yes,No,25,48.62,Month-to-month,Yes
CUST01456,Female,0,No,No,69,57.47,Two year,No
CUST00395,Female,0,No,No,43,29.3,Month-to-month,Yes
CUST00553,Female,1,No,No,69,107.63,Month-to-month,Yes
CUST01917,Female,0,Yes,No,2,42.9,Month-to-month,No
CUST01207,Female,1,No,No,54,107.78,One year,No
CUST01466,Female,0,Yes,No,45,20.72,Month-to-month,No
CUST01248,Female,0,No,No,5,50.37,Two year,No
CUST00786,Male,0,No,Yes,38,44.63,Month-to-month,Yes
CUST00407,Female,0,No,No,42,112.79,Month-to-month,Yes
CUST00155,Female,0,No,No,35,95.49,One year,Yes
CUST01889,Male,0,No,No,51,117.25,Month-to-month,No
CUST00905,Female,0,No,No,54,33.84,One year,Yes
CUST01678,Female,0,No,No,47,51.8,One year,No
CUST01667,Male,0,No,No,31,43.55,Month-to-month,No
CUST01033,Female,1,No,Yes,55,53.21,One year,No
CUST00084,Male,1,No,Yes,65,118.64,Month-to-month,Yes
CUST01978,Male,0,Yes,No,5,114.23,Month-to-month,No
CUST01380,Female,0,Yes,No,57,40.52,Month-to-month,No
CUST01968,Male,1,No,No,52,33.07,Two year,No
CUST00897,Female,0,No,No,2,91.41,Month-to-month,Yes
CUST00517,Female,1,Yes,No,69,104.34,Month-to-month,Yes
CUST00978,Female,1,Yes,No,35,87.58,Two year,Yes
CUST00808,Female,0,Yes,No,66,86.48,Two year,Yes
CUST00691,Female,0,No,Yes,45,66.94,Month-to-month,Yes
CUST01796,Male,0,Yes,No,10,49.07,Two year,No
CUST01511,Male,1,No,No,31,45.01,Month-to-month,No
CUST00241,Male,0,Yes,No,33,45.34,Month-to-month,Yes
CUST01029,Male,0,Yes,Yes,56,106.3,Month-to-month,No
CUST01161,Male,0,Yes,No,56,52.48,Month-to-month,No
CUST01291,Male,0,Yes,No,55,30.25,Month-to-month,No
CUST01327,Male,0,No,No,17,48.02,Month-to-month,No
CUST00040,Male,0,Yes,No,20,89.52,Two year,Yes
CUST00904,Male,0,No,Yes,71,32.57,Month-to-month,Yes
CUST01607,Male,0,Yes,No,12,84.18,Two year,No
CUST01844,Female,0,Yes,No,31,29.92,Month-to-month,No
CUST01363,Female,0,No,No,37,37.06,Month-to-month,No
CUST01690,Female,0,Yes,No,38,69.41,Month-to-month,No
CUST01634,Male,0,Yes,No,3,72.4,Month-to-month,No
CUST01075,Male,1,No,Yes,35,22.31,Month-to-month,No
CUST01298,Male,0,Yes,No,17,91.85,Two year,No
CUST00870,Male,0,Yes,Yes,60,75.2,Month-to-month,Yes
CUST01006,Female,0,Yes,No,20,109.54,Two year,No
CUST01473,Female,0,Yes,No,53,24.55,Month-to-month,No
CUST00768,Female,0,Yes,Yes,60,59.69,Month-to-month,Yes
CUST00165,Male,0,No,No,28,45.22,One year,Yes
CUST00755,Female,0,Yes,No,43,47.43,Month-to-month,Yes
CUST00720,Female,0,Yes,Yes,7,30.74,Month-to-month,Yes
CUST00292,Male,0,Yes,Yes,30,118.6,Month-to-month,Yes
CUST01500,Male,0,No,Yes,57,44.23,One year,No
CUST00464,Female,1,Yes,Yes,4,42.15,One year,Yes
CUST00225,Female,0,No,Yes,6,101.91,Month-to-month,Yes
CUST01267,Female,0,Yes,Yes,59,57.2,Month-to-month,No
CUST00783,Female,0,No,Yes,22,40.54,Month-to-month,Yes
CUST00792,Male,0,No,No,8,113.87,Month-to-month,Yes
CUST01088,Female,0,No,No,3,80.64,Two year,No
CUST01883,Male,0,Yes,No,21,86.22,Month-to-month,No
CUST00683,Female,0,Yes,Yes,3,48.82,Month-to-month,Yes
CUST00447,Female,0,No,No,1,86.37,Month-to-month,Yes
CUST00840,Male,0,No,No,62,94.46,Month-to-month,Yes
CUST01226,Male,0,Yes,Yes,30,66.02,Month-to-month,No
CUST00746,Male,0,No,No,30,30.24,Month-to-month,Yes
CUST00653,Male,0,Yes,No,8,47.99,Month-to-month,Yes
CUST00037,Male,0,No,No,24,106.1,Month-to-month,Yes
CUST01243,Male,1,No,No,61,70.36,Two year,No
CUST01200,Male,1,No,No,71,35.21,Month-to-month,No
CUST01707,Female,0,Yes,No,53,115.31,Month-to-month,No
CUST01821,Male,0,Yes,No,35,109.15,Month-to-month,No
CUST00516,Female,0,Yes,No,29,74.15,Month-to-month,Yes
CUST00892,Male,0,No,No,60,47.19,One year,Yes
CUST00236,Female,1,Yes,No,24,105.27,Month-to-month,Yes
CUST01177,Female,0,No,Yes,42,37.62,Month-to-month,No
CUST00533,Male,0,Yes,No,67,105.43,One year,Yes
CUST00317,Male,0,Yes,No,25,116.16,Month-to-month,Yes
CUST01855,Female,0,Yes,No,17,67.59,One year,No
CUST01813,Male,0,No,No,44,95.08,Month-to-month,No
CUST01100,Male,1,No,No,20,29.19,Two year,No
CUST01651,Female,0,No,No,69,49.46,Month-to-month,No
CUST01186,Female,1,Yes,No,70,92.9,Month-to-month,No
CUST01819,Male,0,Yes,No,10,41.45,Month-to-month,No
CUST00951,Female,0,No,Yes,18,73.75,Month-to-month,Yes
CUST01180,Female,0,Yes,No,60,106.57,Two year,No
CUST00381,Female,0,Yes,No,37,70.11,One year,Yes
CUST00056,Female,0,No,No,25,64.29,Month-to-month,Yes
CUST01479,Female,0,No,Yes,19,45.86,Two year,No
CUST01957,Male,1,No,No,19,111.7,Month-to-month,No
CUST00114,Male,0,Yes,Yes,31,51.34,Month-to-month,Yes
CUST00714,Female,0,No,No,8,79.32,One year,Yes
CUST00630,Male,0,No,No,19,45.63,Month-to-month,Yes
CUST00477,Female,0,No,No,3,104.65,Month-to-month,Yes
CUST01480,Male,0,Yes,No,41,92.42,Month-to-month,No
CUST01036,Female,0,No,No,2,72.16,Month-to-month,No
CUST01129,Female,0,Yes,Yes,27,36.62,Two year,No
CUST01882,Male,0,No,No,36,73.81,One year,No
CUST01590,Female,0,No,No,58,102.57,Month-to-month,No
CUST01388,Male,0,Yes,Yes,31,77.04,Two year,No
CUST01268,Male,0,No,No,53,104.7,Two year,No
CUST01886,Female,0,Yes,Yes,30,48.72,Month-to-month,No
CUST00006,Male,0,No,No,30,61.07,Month-to-month,Yes
CUST00695,Female,0,Yes,No,67,52.23,One year,Yes
CUST01135,Male,1,Yes,Yes,26,78.81,Two year,No
CUST00440,Male,1,Yes,No,55,24.48,Two year,Yes
CUST01347,Male,0,No,No,32,71.31,Month-to-month,No
CUST00014,Female,0,No,Yes,23,24.92,Month-to-month,Yes
CUST00051,Female,0,No,No,50,29.49,Month-to-month,Yes
CUST00247,Male,0,Yes,No,3,62.29,Month-to-month,Yes
CUST01720,Female,1,Yes,No,4,60.95,Month-to-month,No
CUST01846,Female,0,No,No,28,41.5,Month-to-month,No
CUST01858,Male,0,No,No,28,93.16,Month-to-month,No
CUST01860,Female,1,No,Yes,22,49.78,Two year,No
CUST01317,Female,0,Yes,No,64,112.46,One year,No
CUST00016,Female,0,No,Yes,16,105.36,Month-to-month,Yes
CUST00868,Male,0,No,No,1,104.66,Two year,Yes
CUST00171,Male,1,Yes,No,26,36.54,Two year,Yes
CUST00835,Female,0,Yes,No,22,76.02,Two year,Yes
CUST01829,Male,0,No,No,38,58.24,Month-to-month,No
CUST00974,Female,0,Yes,Yes,62,113.04,Month-to-month,Yes
CUST00599,Female,1,No,No,26,114.91,Two year,Yes
CUST00752,Female,0,Yes,Yes,19,94.28,Two year,Yes
CUST00598,Female,0,Yes,No,51,60.17,Month-to-month,Yes
CUST01023,Female,0,No,Yes,23,79.11,Month-to-month,No
CUST00888,Female,0,No,No,18,42.64,Month-to-month,Yes
CUST01552,Male,0,Yes,No,14,71.31,One year,No
CUST00511,Female,0,Yes,No,55,83.27,Month-to-month,Yes
CUST00893,Male,0,Yes,Yes,18,36.97,Month-to-month,Yes
CUST01697,Male,0,No,No,15,107.36,One year,No
CUST00666,Female,0,No,No,7,24.34,Month-to-month,Yes
CUST00509,Female,0,Yes,No,16,58.65,Month-to-month,Yes
CUST01507,Female,0,Yes,No,18,28.9,Two year,No
CUST01576,Male,1,Yes,No,46,47.87,Month-to-month,No
CUST01865,Female,0,No,No,40,92.54,Month-to-month,No
CUST01164,Male,0,No,Yes,7,101.58,Two year,No
CUST01126,Female,0,No,No,21,87.27,Month-to-month,No
CUST00839,Male,0,No,No,47,50.54,One year,Yes
CUST01987,Female,0,No,No,33,31.8,Month-to-month,No
CUST01642,Male,0,No,No,22,56.05,Month-to-month,No
CUST01407,Male,0,Yes,No,6,106.05,Month-to-month,No
CUST01772,Male,0,Yes,No,19,80.96,Month-to-month,No
CUST00982,Female,0,Yes,No,21,82.52,Month-to-month,Yes
CUST01724,Female,0,Yes,No,70,35.93,Two year,No
CUST00224,Female,0,Yes,No,40,71.67,Month-to-month,Yes
CUST00580,Female,0,No,Yes,21,60.72,Month-to-month,Yes
CUST00129,Female,0,No,No,23,53.92,Two year,Yes
CUST00161,Male,0,Yes,Yes,15,57.6,Month-to-month,Yes
CUST00989,Female,0,No,No,25,115.71,Month-to-month,Yes
CUST01961,Male,0,Yes,No,35,42.0,Month-to-month,No
CUST01241,Female,0,Yes,Yes,27,88.12,Month-to-month,No
CUST00063,Male,0,No,No,50,51.1,Two year,Yes
CUST01548,Male,0,No,Yes,8,66.48,Month-to-month,No
CUST00020,Female,0,Yes,No,27,93.25,Two year,Yes
CUST00662,Male,1,Yes,No,57,38.63,Month-to-month,Yes
CUST00139,Male,0,Yes,No,22,75.68,Two year,Yes
CUST01175,Male,0,No,No,10,57.36,One year,No
CUST01743,Male,0,No,No,4,112.85,Month-to-month,No
CUST01554,Female,0,No,No,70,97.69,Two year,No
CUST01254,Male,1,Yes,No,59,117.85,One year,No
CUST00848,Male,1,No,No,35,35.99,Two year,Yes
CUST00558,Female,0,Yes,Yes,39,57.59,One year,Yes
CUST01352,Male,0,Yes,Yes,4,62.74,One year,No
CUST00846,Female,0,No,Yes,48,89.81,Month-to-month,Yes
CUST00577,Female,0,No,No,13,75.99,Two year,Yes
CUST01529,Female,1,Yes,No,54,63.55,Month-to-month,No
CUST00937,Male,0,Yes,Yes,41,117.09,Month-to-month,Yes
CUST00838,Female,1,No,No,13,23.93,One year,Yes
CUST00679,Female,0,Yes,Yes,56,57.8,Month-to-month,Yes
CUST00611,Female,0,Yes,No,55,92.56,Month-to-month,Yes
CUST01165,Female,1,Yes,No,49,65.04,Month-to-month,No
CUST01832,Female,0,No,No,23,73.88,Month-to-month,No
CUST01292,Female,0,No,No,64,81.26,Two year,No
CUST00137,Male,0,No,Yes,33,65.05,Month-to-month,Yes
CUST01455,Male,0,Yes,Yes,70,60.95,Month-to-month,No
CUST01303,Female,0,No,No,70,80.07,One year,No
CUST00237,Female,0,No,No,4,97.49,Two year,Yes
CUST00642,Female,0,No,No,1,110.93,One year,Yes
CUST00505,Male,0,No,Yes,22,89.57,Two year,Yes
CUST00348,Female,1,Yes,No,11,27.61,One year,Yes
CUST00525,Male,0,Yes,Yes,3,31.24,Month-to-month,Yes
CUST00832,Male,0,No,No,17,39.56,Two year,Yes
CUST00368,Male,0,Yes,No,46,100.98,One year,Yes
CUST00076,Female,0,No,No,15,111.26,Month-to-month,Yes
CUST00198,Male,0,Yes,No,26,50.56,Month-to-month,Yes
CUST00818,Female,0,No,No,33,33.22,One year,Yes
CUST00034,Female,0,Yes,Yes,44,82.2,One year,Yes
CUST00613,Female,0,No,Yes,11,20.09,Two year,Yes
CUST01470,Male,0,No,No,6,117.83,Two year,No
CUST01745,Female,0,Yes,No,45,83.0,Two year,No
CUST00543,Female,0,Yes,No,18,99.14,Month-to-month,Yes
CUST01969,Male,0,Yes,No,20,37.34,Month-to-month,No
CUST01862,Male,1,Yes,No,34,27.12,Month-to-month,No
CUST01460,Male,1,Yes,Yes,61,30.81,One year,No
CUST01980,Male,0,No,Yes,40,28.86,Two year,No
CUST01393,Female,0,Yes,No,71,74.19,Month-to-month,No
CUST00579,Female,0,No,No,71,36.71,Two year,Yes
CUST00962,Female,0,Yes,No,52,41.12,Month-to-month,Yes
CUST00535,Female,0,Yes,Yes,60,72.01,One year,Yes
CUST00367,Female,1,Yes,No,61,113.39,Month-to-month,Yes
CUST00167,Male,0,Yes,Yes,19,54.04,Two year,Yes
CUST00940,Female,0,No,No,15,41.46,One year,Yes
CUST01558,Male,0,No,No,5,106.21,Month-to-month,No
CUST00823,Male,0,Yes,No,18,78.98,Month-to-month,Yes
CUST01212,Female,0,No,No,19,49.15,Two year,No
CUST01196,Female,0,Yes,Yes,52,22.85,Month-to-month,No
CUST01623,Female,1,No,No,36,67.6,One year,No
CUST00955,Male,1,No,No,64,56.52,Month-to-month,Yes
CUST01769,Male,0,Yes,No,1,105.97,Month-to-month,No
CUST01709,Female,0,No,No,63,79.69,Month-to-month,No
CUST00333,Male,1,Yes,No,49,85.95,One year,Yes
CUST01870,Male,1,Yes,No,71,100.95,One year,No
CUST01701,Female,1,Yes,No,14,78.26,Month-to-month,No
CUST00944,Male,0,Yes,No,66,38.04,Month-to-month,Yes
CUST00901,Female,0,Yes,No,18,102.1,Month-to-month,Yes
CUST00821,Female,0,Yes,No,46,98.24,Month-to-month,Yes
CUST00891,Male,0,No,No,26,41.51,Month-to-month,Yes
CUST00604,Male,0,Yes,Yes,27,102.87,Month-to-month,Yes
CUST01715,Female,0,Yes,No,42,30.46,Month-to-month,No
CUST01725,Female,0,Yes,Yes,43,63.54,Month-to-month,No
CUST00762,Male,0,No,No,68,60.66,Month-to-month,Yes
CUST00124,Male,0,No,No,43,77.7,Two year,Yes
CUST01199,Male,0,No,Yes,28,93.61,Month-to-month,No
CUST01357,Male,0,No,No,13,58.79,Month-to-month,No
CUST00398,Female,0,Yes,No,17,46.64,Two year,Yes
CUST01277,Male,0,Yes,No,65,118.14,Two year,No
CUST00347,Female,0,Yes,Yes,33,23.19,Two year,Yes
CUST01850,Male,0,No,Yes,13,97.18,One year,No
CUST00146,Male,0,No,No,32,79.65,Two year,Yes
CUST01852,Female,0,No,No,11,81.42,One year,No
CUST00715,Female,1,Yes,No,59,38.67,Two year,Yes
CUST01892,Male,0,No,No,24,39.54,One year,No
CUST00605,Male,0,Yes,No,45,102.29,Month-to-month,Yes
CUST01218,Male,1,No,No,25,75.81,Month-to-month,No
CUST00361,Male,0,Yes,Yes,12,92.85,Month-to-month,Yes
CUST01740,Female,0,No,Yes,3,90.51,One year,No
CUST01685,Male,0,Yes,Yes,20,32.16,Month-to-month,No
CUST01326,Male,0,Yes,No,12,44.02,Month-to-month,No
CUST00508,Female,0,No,Yes,44,91.65,One year,Yes
CUST01251,Female,1,Yes,Yes,56,40.27,Month-to-month,No
CUST00433,Female,0,Yes,Yes,23,97.49,Two year,Yes
CUST00443,Female,0,No,No,39,34.6,Two year,Yes
CUST00855,Male,0,Yes,No,66,70.83,Month-to-month,Yes
CUST01761,Male,0,No,Yes,64,27.5,Month-to-month,No
CUST01528,Female,0,No,No,53,102.11,Month-to-month,No
CUST00887,Female,0,No,No,30,45.78,One year,Yes
CUST00976,Female,0,Yes,Yes,35,40.0,Month-to-month,Yes
CUST00404,Female,0,No,No,16,93.68,Month-to-month,Yes
CUST00924,Male,0,No,Yes,35,113.28,Month-to-month,Yes
CUST01920,Male,0,No,No,28,77.96,Month-to-month,No
CUST01890,Female,0,Yes,No,49,23.76,Month-to-month,No
CUST01438,Female,0,No,Yes,13,114.23,Month-to-month,No
CUST00170,Female,0,No,No,38,71.49,Month-to-month,Yes
CUST01157,Male,0,No,No,52,51.2,Month-to-month,No
CUST00270,Female,0,Yes,Yes,36,107.21,Month-to-month,Yes
CUST00657,Male,0,No,No,55,81.42,Month-to-month,Yes
CUST01428,Female,0,Yes,Yes,5,60.29,Month-to-month,No
CUST00473,Female,0,No,No,64,114.34,One year,Yes
CUST00232,Female,0,Yes,No,71,42.84,Two year,Yes
CUST00663,Female,0,Yes,No,16,29.97,One year,Yes
CUST00460,Female,0,Yes,No,28,93.23,Month-to-month,Yes
CUST00190,Male,0,Yes,No,44,27.42,Two year,Yes
CUST00815,Male,1,No,Yes,9,68.36,Two year,Yes
CUST00788,Female,0,Yes,No,55,30.44,Two year,Yes
CUST00291,Male,0,No,Yes,48,80.28,Two year,Yes
CUST00550,Male,1,No,Yes,34,44.67,Month-to-month,Yes
CUST01827,Female,0,Yes,Yes,10,104.44,Month-to-month,No
CUST01390,Female,0,Yes,Yes,39,98.41,Month-to-month,No
CUST00363,Female,0,Yes,No,31,115.39,Month-to-month,Yes
CUST01106,Male,1,No,No,13,30.3,Month-to-month,No
CUST01601,Male,0,No,No,47,52.36,Month-to-month,No
CUST00405,Female,0,No,No,2,67.59,One year,Yes
CUST00949,Male,0,Yes,No,6,99.38,Two year,Yes
CUST01773,Female,0,No,Yes,62,29.11,Month-to-month,No
CUST00890,Male,0,No,No,27,69.89,Month-to-month,Yes
CUST01705,Female,0,Yes,No,68,94.84,Month-to-month,No
CUST00510,Male,0,Yes,Yes,12,41.13,Month-to-month,Yes
CUST00572,Male,0,No,No,9,66.06,One year,Yes
CUST01049,Male,0,Yes,No,39,79.91,Two year,No
CUST01802,Male,1,No,Yes,57,72.52,Two year,No
CUST00127,Male,0,Yes,Yes,68,20.53,Month-to-month,Yes
CUST01193,Female,0,No,No,60,30.08,Month-to-month,No
CUST01737,Male,0,Yes,Yes,69,29.1,One year,No
CUST00465,Male,0,No,No,17,71.2,Month-to-month,Yes
CUST01112,Female,0,Yes,No,21,87.71,Month-to-month,No
CUST01702,Male,0,No,No,42,27.1,Month-to-month,No
CUST01152,Female,0,No,Yes,68,103.02,Two year,No
CUST00446,Male,0,No,No,45,72.19,Month-to-month,Yes
CUST00587,Male,0,No,No,39,95.39,Month-to-month,Yes
CUST01792,Male,0,Yes,No,33,107.43,Month-to-month,No
CUST00231,Female,0,No,No,17,105.91,Month-to-month,Yes
CUST01664,Male,0,No,No,8,52.18,One year,No
CUST01565,Male,0,No,No,25,108.64,One year,No
CUST00264,Male,0,No,No,29,81.22,One year,Yes
CUST00842,Male,0,No,Yes,29,41.93,Two year,Yes
CUST00086,Female,0,Yes,No,63,97.69,One year,Yes
CUST00259,Male,0,No,No,39,52.94,One year,Yes
CUST01056,Female,0,No,No,26,76.58,Month-to-month,No
CUST00145,Male,1,Yes,No,23,31.64,Month-to-month,Yes
CUST01508,Female,0,No,No,45,89.4,Two year,No
CUST00354,Female,0,Yes,No,61,20.58,Month-to-month,Yes
CUST01478,Female,0,No,No,70,119.79,One year,No
CUST00862,Female,0,Yes,Yes,7,49.8,One year,Yes
CUST01160,Female,0,No,Yes,21,75.82,Month-to-month,No
CUST01520,Female,0,No,Yes,19,63.46,Two year,No
CUST00230,Female,1,No,No,57,115.06,Month-to-month,Yes
CUST00933,Male,0,Yes,No,18,39.74,Two year,Yes
CUST00255,Male,0,Yes,No,71,53.8,Two year,Yes
CUST00128,Female,0,No,No,9,76.48,Month-to-month,Yes
CUST00884,Female,0,No,No,47,75.49,Month-to-month,Yes
CUST00585,Male,0,Yes,Yes,32,35.74,Month-to-month,Yes
CUST00566,Female,0,No,No,62,119.86,Month-to-month,Yes
CUST01087,Female,0,No,Yes,66,29.7,Month-to-month,No
CUST01105,Female,0,No,Yes,4,102.32,One year,No
CUST01981,Female,0,Yes,No,34,49.13,Month-to-month,No
CUST01621,Female,1,No,No,44,59.43,Month-to-month,No
CUST00650,Male,0,No,No,65,101.52,Month-to-month,Yes
CUST00275,Female,0,No,Yes,11,77.64,Month-to-month,Yes
CUST00621,Female,0,Yes,No,33,117.06,Two year,Yes
CUST01944,Male,0,No,No,64,79.73,Month-to-month,No
CUST01353,Female,1,No,No,18,82.66,Month-to-month,No
CUST01054,Male,0,No,No,30,75.48,Two year,No
CUST01744,Female,0,Yes,No,31,79.03,Month-to-month,No
CUST00191,Male,0,No,No,61,30.38,One year,Yes
CUST01675,Male,0,No,No,37,23.73,Two year,No
CUST01086,Male,0,Yes,No,41,110.82,One year,No
CUST00085,Male,0,No,No,68,93.23,Month-to-month,Yes
CUST00742,Female,0,No,No,71,109.1,Month-to-month,Yes
CUST00274,Male,0,No,No,9,57.82,Two year,Yes
CUST00632,Male,0,No,Yes,22,107.13,Month-to-month,Yes
CUST00552,Male,0,No,No,33,60.94,Month-to-month,Yes
CUST01300,Male,0,Yes,No,10,102.11,Two year,No
CUST01259,Male,0,Yes,Yes,32,23.21,Month-to-month,No
CUST00268,Male,0,No,No,59,90.22,Month-to-month,Yes
CUST01713,Male,0,No,No,43,76.27,Month-to-month,No
CUST01896,Female,0,Yes,No,64,43.11,Month-to-month,No
CUST00578,Female,0,No,No,2,50.09,Month-to-month,Yes
CUST00180,Male,1,Yes,No,51,54.06,Two year,Yes
CUST01055,Male,0,Yes,No,29,62.29,Month-to-month,No
CUST00142,Female,0,No,No,71,93.63,Month-to-month,Yes
CUST00968,Female,0,No,No,11,46.45,Month-to-month,Yes
CUST00391,Male,0,No,No,63,73.69,Month-to-month,Yes
CUST00687,Male,0,Yes,No,9,27.59,Two year,Yes
CUST00745,Female,0,Yes,No,67,60.22,Month-to-month,Yes
CUST01496,Female,0,No,No,51,45.32,Two year,No
CUST00111,Male,0,Yes,No,44,28.8,Two year,Yes
CUST00277,Female,1,No,No,1,52.43,One year,Yes
CUST01990,Female,0,No,No,20,77.73,Month-to-month,No
CUST00445,Male,0,No,Yes,55,50.98,Month-to-month,Yes
CUST00249,Male,0,No,No,14,57.0,Month-to-month,Yes
CUST01399,Male,0,Yes,No,17,21.85,One year,No
CUST01225,Female,0,No,No,63,100.99,Month-to-month,No
CUST01742,Female,0,Yes,No,3,63.41,Month-to-month,No
CUST01139,Male,1,No,No,47,69.18,Month-to-month,No
CUST01602,Female,0,No,No,6,103.87,Month-to-month,No
CUST00753,Female,0,No,No,3,25.09,One year,Yes
CUST00358,Male,0,No,No,61,87.61,Month-to-month,Yes
CUST00136,Male,1,No,No,58,71.95,Month-to-month,Yes
CUST01439,Male,0,Yes,No,58,102.31,One year,No
CUST00588,Female,0,Yes,No,42,31.04,Month-to-month,Yes
CUST01716,Female,0,No,Yes,4,81.25,Month-to-month,No
CUST01878,Female,0,Yes,No,19,118.2,One year,No
CUST00033,Female,0,Yes,No,43,77.43,Two year,Yes
CUST00256,Male,0,No,Yes,24,66.98,Month-to-month,Yes
CUST01459,Male,0,No,No,50,30.9,Month-to-month,No
CUST00032,Female,0,No,No,55,26.45,Month-to-month,Yes
CUST00098,Female,0,Yes,No,27,102.8,Month-to-month,Yes
CUST01037,Male,0,No,No,36,113.33,Two year,No
CUST00245,Female,0,Yes,No,28,108.66,Month-to-month,Yes
CUST01935,Female,0,Yes,No,1,24.79,Month-to-month,No
CUST00013,Male,0,Yes,No,2,112.02,One year,Yes
CUST00674,Female,0,No,No,29,41.47,Two year,Yes
CUST01003,Male,0,Yes,No,71,97.11,Month-to-month,No
CUST00179,Male,0,No,No,43,83.0,Month-to-month,Yes
CUST00078,Male,0,Yes,No,2,95.54,One year,Yes
CUST00312,Female,0,No,No,65,52.29,Two year,Yes
CUST01464,Male,0,No,No,48,34.37,Month-to-month,No
CUST01217,Female,0,No,No,54,42.49,Two year,No
CUST01430,Male,0,No,No,44,21.18,Month-to-month,No
CUST01294,Female,0,Yes,No,56,95.43,One year,No
CUST01432,Female,1,No,No,38,70.14,Month-to-month,No
CUST01405,Female,0,No,No,16,71.26,One year,No
CUST00487,Female,0,Yes,No,48,90.83,Month-to-month,Yes
CUST01274,Male,1,No,No,19,36.81,One year,No
CUST01333,Female,0,No,No,61,110.14,Month-to-month,No
CUST00214,Male,0,Yes,No,10,41.17,One year,Yes
CUST01043,Male,0,No,Yes,66,111.08,One year,No
CUST00722,Female,0,No,No,69,23.34,Two year,Yes
CUST00929,Male,0,Yes,No,56,42.16,Month-to-month,Yes
CUST00798,Male,0,Yes,No,19,94.16,Month-to-month,Yes
CUST00797,Male,0,Yes,No,59,58.97,Month-to-month,Yes
CUST01136,Male,0,No,No,15,77.07,Two year,No
CUST00130,Female,0,No,No,63,52.27,Two year,Yes
CUST01283,Male,0,Yes,No,55,51.96,Month-to-month,No
CUST00760,Female,0,Yes,No,5,100.42,One year,Yes
CUST01600,Female,0,Yes,No,27,104.04,Two year,No
CUST01820,Male,1,Yes,No,66,27.42,Month-to-month,No
CUST01942,Female,0,No,No,54,55.35,Two year,No
CUST00735,Male,1,No,No,10,103.28,Month-to-month,Yes
CUST00172,Male,0,Yes,Yes,51,117.77,One year,Yes
CUST00219,Male,0,No,Yes,71,65.61,Month-to-month,Yes
CUST01519,Male,0,Yes,Yes,24,110.51,Month-to-month,No
CUST00397,Female,0,No,No,66,73.21,One year,Yes
CUST00476,Male,0,No,No,1,69.51,Month-to-month,Yes
CUST01557,Male,0,No,Yes,51,45.42,Month-to-month,No
CUST00872,Female,0,Yes,No,4,94.35,Two year,Yes
CUST01280,Female,0,Yes,No,18,42.26,Two year,No
CUST00176,Male,0,No,No,70,72.54,Month-to-month,Yes
CUST01646,Male,1,No,No,11,105.3,One year,No
CUST01510,Male,0,Yes,Yes,49,98.64,Month-to-month,No
CUST01020,Male,1,Yes,No,61,60.68,Month-to-month,No
CUST00941,Male,0,No,Yes,60,83.41,Month-to-month,Yes
CUST01026,Female,0,Yes,No,41,117.29,Two year,No
CUST01214,Female,0,No,No,39,29.97,Month-to-month,No
CUST01629,Female,0,No,No,68,101.44,Month-to-month,No
CUST00854,Male,1,No,No,10,52.89,Month-to-month,Yes
CUST01800,Male,0,Yes,Yes,4,85.36,Month-to-month,No
CUST01025,Female,0,No,Yes,54,84.6,Month-to-month,No
CUST00813,Female,0,No,Yes,65,63.78,Month-to-month,Yes
CUST00403,Male,0,Yes,Yes,61,58.39,Month-to-month,Yes
CUST01169,Male,0,Yes,Yes,33,32.46,Two year,No
CUST01316,Female,0,No,No,13,66.93,Two year,No
CUST01631,Male,0,Yes,Yes,33,45.18,Month-to-month,No
CUST01551,Male,0,Yes,No,69,37.84,Month-to-month,No
CUST01639,Female,0,No,No,29,36.17,Month-to-month,No
CUST00692,Male,0,No,No,17,92.03,Month-to-month,Yes
CUST01647,Female,0,Yes,No,56,100.59,Month-to-month,No
CUST01384,Male,0,No,No,59,82.94,Month-to-month,No
CUST00101,Female,1,No,No,28,79.36,Two year,Yes
CUST01331,Female,0,Yes,No,21,42.91,Month-to-month,No
CUST00406,Female,0,No,No,43,32.26,One year,Yes
CUST01321,Male,0,No,No,10,98.39,Month-to-month,No
CUST00688,Male,0,Yes,Yes,50,89.82,Month-to-month,Yes
CUST01463,Male,0,Yes,Yes,57,81.91,Month-to-month,No
CUST01614,Female,0,Yes,Yes,29,54.44,Month-to-month,No
CUST01113,Male,1,Yes,No,23,107.45,Month-to-month,No
CUST00134,Male,0,Yes,No,24,105.32,Two year,Yes
CUST01949,Male,1,No,Yes,46,41.39,Month-to-month,No
CUST01264,Female,0,No,No,70,42.7,Month-to-month,No
CUST00875,Male,0,Yes,Yes,28,98.07,Month-to-month,Yes
CUST00107,Female,0,Yes,Yes,47,37.13,Month-to-month,Yes
CUST00532,Male,0,Yes,No,69,36.27,Two year,Yes
CUST01503,Male,1,Yes,Yes,11,69.13,Two year,No
CUST01253,Female,0,No,Yes,63,25.68,Month-to-month,No
CUST01093,Male,0,No,No,11,22.95,Month-to-month,No
CUST00739,Female,0,No,No,1,57.92,Two year,Yes
CUST00204,Female,0,No,No,3,62.56,Month-to-month,Yes
CUST01869,Female,0,No,No,67,108.27,One year,No
CUST01612,Female,0,No,Yes,22,70.07,Month-to-month,No
CUST01004,Male,0,Yes,Yes,12,86.13,Month-to-month,No
CUST01659,Female,0,No,Yes,62,24.94,One year,No
CUST01899,Female,0,No,No,28,89.38,One year,No
CUST00308,Female,0,Yes,No,48,46.86,One year,Yes
CUST00050,Male,1,Yes,Yes,64,31.25,Month-to-month,Yes
CUST00747,Male,0,Yes,No,43,26.15,Month-to-month,Yes
CUST01038,Male,0,No,Yes,19,100.6,Two year,No
CUST01579,Male,0,No,No,48,117.3,Two year,No
CUST01125,Female,0,No,No,63,71.24,Two year,No
CUST00920,Male,0,No,Yes,62,88.8,Month-to-month,Yes
CUST00459,Male,0,No,No,68,104.63,Two year,Yes
CUST01582,Male,0,No,No,7,79.06,Month-to-month,No
CUST01208,Male,0,Yes,No,43,109.51,Month-to-month,No
CUST01755,Female,0,No,No,53,60.98,Two year,No
CUST00485,Female,0,No,No,33,46.49,Month-to-month,Yes
CUST01404,Female,0,No,Yes,7,46.18,Month-to-month,No
CUST00967,Female,0,Yes,Yes,26,21.5,Two year,Yes
CUST00425,Male,1,No,No,48,24.23,Month-to-month,Yes
CUST01988,Male,0,No,Yes,33,103.32,Month-to-month,No
CUST00437,Female,0,No,No,36,88.74,One year,Yes
CUST00900,Male,0,Yes,No,63,116.62,Month-to-month,Yes
CUST01082,Male,0,No,No,21,20.02,Month-to-month,No
CUST01591,Male,0,Yes,No,35,89.78,Month-to-month,No
CUST01365,Female,0,No,No,3,83.04,Month-to-month,No
CUST01018,Female,0,Yes,No,19,91.02,One year,No
CUST00177,Male,0,No,Yes,58,92.49,Month-to-month,Yes
CUST01691,Female,0,Yes,Yes,52,82.03,Month-to-month,No
CUST00734,Female,0,Yes,No,26,78.68,Two year,Yes
CUST01142,Female,0,Yes,Yes,25,30.96,Month-to-month,No
CUST01599,Male,0,Yes,No,53,98.09,One year,No
CUST01197,Male,1,Yes,No,14,110.93,Two year,No
CUST00088,Female,1,No,No,32,41.56,Two year,Yes
CUST01680,Female,0,Yes,No,14,63.17,Two year,No
CUST01047,Male,0,No,No,71,46.34,Month-to-month,No
CUST01812,Male,0,Yes,Yes,58,95.51,Two year,No
CUST00046,Female,0,Yes,No,12,33.4,One year,Yes
CUST00851,Female,0,Yes,No,35,114.81,Month-to-month,Yes
CUST00727,Male,1,Yes,Yes,10,93.34,Two year,Yes
CUST00658,Female,0,No,No,40,100.43,Month-to-month,Yes
CUST01581,Female,1,Yes,No,65,46.93,Month-to-month,No
CUST00819,Male,0,No,No,42,57.64,Month-to-month,Yes
CUST00043,Female,0,Yes,No,18,84.91,Month-to-month,Yes
CUST01046,Male,0,Yes,Yes,62,71.68,Month-to-month,No
CUST00061,Male,1,Yes,No,23,92.49,Month-to-month,Yes
CUST01881,Female,1,No,Yes,37,82.65,Month-to-month,No
CUST00052,Male,1,Yes,Yes,62,53.3,Month-to-month,Yes
CUST00845,Male,0,No,Yes,29,65.53,Month-to-month,Yes
CUST01156,Female,0,No,No,68,80.33,Month-to-month,No
CUST00501,Male,0,No,Yes,61,95.51,Month-to-month,Yes
CUST01244,Male,1,Yes,No,51,109.41,Month-to-month,No
CUST00645,Male,0,Yes,Yes,55,66.5,Month-to-month,Yes
CUST00549,Male,0,No,Yes,4,27.56,Two year,Yes
CUST00618,Male,0,No,No,19,57.99,Month-to-month,Yes
CUST01682,Male,0,No,No,53,71.29,Two year,No
CUST01941,Female,0,Yes,No,59,78.76,One year,No
CUST01083,Female,1,No,Yes,11,36.85,Month-to-month,No
CUST01242,Male,0,No,No,10,95.22,Two year,No
CUST00482,Male,0,Yes,No,61,93.18,Month-to-month,Yes
CUST01909,Male,0,No,No,61,56.42,Month-to-month,No
CUST00829,Female,0,Yes,No,60,71.94,Two year,Yes
CUST01224,Male,0,No,Yes,25,118.52,Month-to-month,No
CUST01545,Female,0,No,Yes,35,56.5,Month-to-month,No
CUST00495,Male,0,Yes,No,38,40.97,One year,Yes
CUST00649,Male,0,No,No,49,111.82,One year,Yes
CUST00648,Female,0,No,No,18,40.7,Month-to-month,Yes
CUST00075,Female,0,No,No,55,56.51,Month-to-month,Yes
CUST01391,Female,0,No,No,20,82.25,Month-to-month,No
CUST00856,Male,0,Yes,Yes,70,22.4,Month-to-month,Yes
CUST01203,Female,0,No,No,66,85.39,Month-to-month,No
CUST00981,Female,0,No,Yes,15,93.88,One year,Yes
CUST00711,Female,0,No,No,2,83.42,Two year,Yes
CUST01343,Male,0,No,No,6,69.82,Month-to-month,No
CUST00601,Female,0,No,No,64,48.54,Month-to-month,Yes
CUST01656,Female,0,No,Yes,15,89.47,Two year,No
CUST00233,Female,0,Yes,No,47,42.01,Month-to-month,Yes
CUST01847,Female,0,Yes,No,28,40.46,Month-to-month,No
CUST01560,Male,0,No,Yes,1,39.42,Month-to-month,No
CUST00388,Male,1,Yes,No,26,60.24,Month-to-month,Yes
CUST01830,Female,0,No,No,29,113.46,Month-to-month,No
CUST01835,Female,1,Yes,Yes,26,67.05,Month-to-month,No
CUST01672,Female,0,No,Yes,49,79.01,Month-to-month,No
CUST00119,Male,0,Yes,Yes,39,50.35,Month-to-month,Yes
CUST01884,Male,0,Yes,No,2,31.62,Month-to-month,No
CUST00717,Female,0,Yes,No,12,54.8,Two year,Yes
CUST01366,Male,0,Yes,No,63,50.12,Month-to-month,No
CUST01550,Male,0,No,No,3,69.35,One year,No
CUST01828,Female,0,Yes,No,67,76.91,Month-to-month,No
CUST01044,Female,1,Yes,No,71,37.46,One year,No
CUST00393,Female,0,Yes,No,65,104.66,Month-to-month,Yes
CUST00947,Female,0,No,Yes,44,37.56,Month-to-month,Yes
CUST00206,Female,0,No,No,41,91.02,Month-to-month,Yes
CUST00514,Female,0,No,Yes,33,66.1,Month-to-month,Yes
CUST01403,Female,0,Yes,No,9,39.37,Month-to-month,No
CUST00576,Male,0,Yes,No,24,49.4,Month-to-month,Yes
CUST00689,Female,0,Yes,No,29,82.38,One year,Yes
CUST00243,Male,0,No,No,59,23.05,Month-to-month,Yes
CUST01898,Female,0,Yes,No,71,108.78,Two year,No
CUST00634,Female,1,Yes,Yes,9,54.17,Two year,Yes
CUST00731,Male,0,No,No,47,30.69,Two year,Yes
CUST00623,Female,1,No,No,64,52.32,Month-to-month,Yes
CUST00741,Female,0,No,No,67,82.08,Month-to-month,Yes
CUST00411,Female,0,Yes,Yes,13,21.89,Month-to-month,Yes
CUST00310,Female,0,No,No,47,75.22,Month-to-month,Yes
CUST01481,Male,1,No,No,53,110.8,Month-to-month,No
CUST01130,Female,0,Yes,No,12,54.95,Two year,No
CUST01616,Male,0,No,Yes,9,95.96,One year,No
CUST00018,Female,1,Yes,No,13,107.63,Month-to-month,Yes
CUST01341,Female,0,Yes,No,25,61.84,Two year,No
CUST01111,Male,0,No,No,10,67.28,One year,No
CUST00449,Female,0,Yes,Yes,21,91.95,Month-to-month,Yes
CUST01310,Male,0,Yes,No,11,21.45,Month-to-month,No
CUST01544,Female,0,Yes,No,47,80.63,Two year,No
CUST00201,Female,0,No,No,54,76.43,Month-to-month,Yes
CUST01150,Male,0,Yes,No,70,38.62,Two year,No
CUST00825,Female,0,Yes,No,15,48.73,Month-to-month,Yes
CUST00272,Female,0,No,Yes,21,28.62,Two year,Yes
CUST01409,Female,0,No,No,61,99.96,Month-to-month,No
CUST00712,Male,0,No,No,50,97.45,Month-to-month,Yes
CUST00027,Female,0,No,Yes,63,22.9,One year,Yes
CUST00462,Female,0,No,Yes,51,102.03,Month-to-month,Yes
CUST01752,Female,0,No,No,65,110.18,Month-to-month,No
CUST00365,Male,0,No,No,32,110.4,One year,Yes
CUST00097,Female,0,Yes,Yes,41,81.52,Month-to-month,Yes
CUST01351,Female,1,No,No,62,96.27,Month-to-month,No
CUST01539,Male,0,Yes,No,38,20.21,One year,No
CUST00847,Female,0,No,No,5,58.8,Month-to-month,Yes
CUST00497,Female,0,No,No,29,81.62,Month-to-month,Yes
CUST01057,Male,0,Yes,No,26,56.55,Month-to-month,No
CUST00654,Female,0,Yes,Yes,3,30.6,Two year,Yes
CUST00400,Female,0,Yes,Yes,38,112.74,Month-to-month,Yes
CUST01099,Male,0,Yes,No,48,73.19,Month-to-month,No
CUST00211,Male,0,No,Yes,38,30.75,One year,Yes
CUST01472,Male,1,Yes,No,34,55.91,Month-to-month,No
CUST00286,Male,0,Yes,No,36,72.78,Month-to-month,Yes
CUST01322,Male,0,No,No,7,71.93,Month-to-month,No
CUST01323,Female,0,No,No,56,105.8,Month-to-month,No
CUST00475,Female,0,No,No,59,46.51,Month-to-month,Yes
CUST01369,Female,0,Yes,No,28,42.69,Month-to-month,No
CUST00672,Female,1,No,No,16,62.77,Month-to-month,Yes
CUST01950,Female,0,Yes,No,14,20.58,Month-to-month,No
CUST00072,Male,0,Yes,No,44,77.86,Month-to-month,Yes
CUST00026,Female,1,No,Yes,18,67.03,Month-to-month,Yes
CUST00410,Male,0,Yes,No,30,56.72,Month-to-month,Yes
CUST00246,Male,0,No,No,60,95.17,Two year,Yes
CUST00030,Male,0,Yes,No,13,32.43,Month-to-month,Yes
CUST01556,Female,0,No,No,40,90.8,Month-to-month,No
CUST01834,Female,0,No,No,28,76.48,One year,No
CUST00276,Male,0,No,Yes,70,99.2,Two year,Yes
CUST00135,Male,0,No,No,51,46.46,Month-to-month,Yes
CUST00627,Female,0,No,No,43,34.64,Month-to-month,Yes
CUST00343,Female,0,Yes,Yes,37,47.1,Month-to-month,Yes
CUST00551,Female,0,Yes,No,69,89.53,One year,Yes
CUST00474,Male,0,No,Yes,58,29.85,Month-to-month,Yes
CUST00626,Male,0,Yes,No,68,82.62,One year,Yes
CUST01561,Female,0,Yes,No,54,33.05,One year,No
CUST01332,Male,0,Yes,No,42,43.18,Month-to-month,No
CUST01930,Female,0,Yes,No,30,84.65,Two year,No
CUST01143,Male,0,No,No,57,94.96,Month-to-month,No
CUST01596,Female,0,No,Yes,54,64.82,Month-to-month,No
CUST00917,Female,0,Yes,No,47,105.19,Month-to-month,Yes
CUST01681,Female,0,Yes,Yes,68,65.3,One year,No
CUST01526,Male,0,No,Yes,63,88.92,Two year,No
CUST01872,Male,1,Yes,No,57,67.79,Two year,No
CUST00858,Female,0,Yes,Yes,44,101.99,Month-to-month,Yes
CUST01501,Female,0,No,Yes,30,61.41,One year,No
CUST00426,Male,0,No,No,47,83.35,One year,Yes
CUST01222,Male,0,No,Yes,39,20.09,Two year,No
CUST01806,Female,0,Yes,No,1,94.25,Month-to-month,No
CUST01381,Female,1,Yes,No,8,98.86,Two year,No
CUST00990,Female,0,Yes,Yes,47,89.68,Month-to-month,Yes
CUST01413,Female,0,No,No,20,103.14,Month-to-month,No
CUST00574,Male,0,No,No,16,22.26,Month-to-month,Yes
CUST00106,Female,0,No,No,63,42.74,Month-to-month,Yes
CUST00258,Female,0,Yes,No,37,95.49,One year,Yes
CUST01960,Female,0,No,No,23,28.5,One year,No
CUST01115,Male,0,Yes,No,32,113.86,Month-to-month,No
CUST01542,Female,0,Yes,No,68,56.63,Month-to-month,No
CUST00250,Female,0,No,No,58,94.08,Month-to-month,Yes
CUST01120,Female,0,Yes,Yes,34,45.35,Two year,No
CUST01053,Male,1,No,No,55,92.07,One year,No
CUST01839,Male,0,Yes,No,55,78.89,Month-to-month,No
CUST01803,Female,1,Yes,No,37,40.83,Month-to-month,No
CUST01975,Male,0,Yes,No,50,55.12,Month-to-month,No
CUST00158,Male,1,No,No,52,75.34,Month-to-month,Yes
CUST00820,Male,0,Yes,No,61,87.23,Month-to-month,Yes
CUST01926,Male,0,No,No,48,80.62,Month-to-month,No
CUST00896,Female,0,Yes,No,59,66.23,Two year,Yes
CUST00756,Female,1,Yes,No,15,74.76,Month-to-month,Yes
CUST00112,Female,0,No,No,54,109.35,Month-to-month,Yes
CUST01095,Female,0,No,No,26,47.78,Two year,No
CUST01071,Female,0,No,No,64,91.78,Month-to-month,No
CUST00178,Male,0,No,No,13,63.6,Month-to-month,Yes
CUST01934,Male,0,No,No,21,90.99,Month-to-month,No
CUST00707,Female,0,Yes,Yes,55,56.31,Two year,Yes
CUST00584,Female,1,Yes,No,33,70.84,Month-to-month,Yes
CUST01986,Female,0,No,No,44,95.75,Month-to-month,No
CUST00782,Female,0,Yes,No,32,69.35,Month-to-month,Yes
CUST01072,Female,0,No,Yes,10,87.98,Two year,No
CUST01097,Female,0,Yes,No,56,80.49,Month-to-month,No
CUST01595,Female,0,No,Yes,40,38.74,Two year,No
CUST01532,Female,0,Yes,No,14,57.69,One year,No
CUST01714,Female,0,No,No,7,67.9,Month-to-month,No
CUST00154,Male,0,Yes,No,3,53.28,Month-to-month,Yes
CUST00785,Male,1,Yes,No,40,89.97,Two year,Yes
CUST00205,Male,0,No,No,68,54.82,Month-to-month,Yes
CUST00834,Male,0,No,No,32,101.73,Month-to-month,Yes
CUST01179,Male,0,Yes,No,17,67.66,Month-to-month,No
CUST00066,Female,0,Yes,No,2,103.18,Month-to-month,Yes
CUST01971,Male,0,No,No,1,60.85,Two year,No
CUST00555,Female,0,No,No,26,21.19,Month-to-month,Yes
CUST01791,Female,1,No,No,22,112.91,Month-to-month,No
CUST01630,Male,0,Yes,No,21,65.92,Month-to-month,No
CUST00876,Female,0,Yes,No,70,41.5,Month-to-month,Yes
CUST00629,Male,0,No,Yes,52,105.94,Two year,Yes
CUST01490,Male,0,Yes,No,37,73.21,Month-to-month,No
CUST00620,Female,0,No,Yes,14,24.46,Two year,Yes
CUST01451,Male,1,No,No,24,82.37,One year,No
CUST01174,Male,0,No,No,58,41.71,Month-to-month,No
CUST00953,Female,0,Yes,No,7,59.91,Two year,Yes
CUST00958,Female,0,Yes,No,40,113.79,One year,Yes
CUST01731,Male,0,Yes,Yes,49,30.48,One year,No
CUST01605,Male,0,No,Yes,18,35.28,Two year,No
CUST01587,Male,0,Yes,Yes,56,43.73,Month-to-month,No
CUST00305,Male,1,Yes,No,30,44.46,One year,Yes
CUST00725,Male,0,No,No,19,31.57,Month-to-month,Yes
CUST00697,Female,0,No,No,14,113.91,Month-to-month,Yes
CUST01005,Male,0,Yes,No,32,60.93,Month-to-month,No
CUST01195,Male,0,Yes,Yes,65,37.7,Month-to-month,No
